Length,Layers,Protocol,ByteSum
86,4,4,2248
86,4,4,2248
105,4,4,2446
74,3,4,2603
101,4,4,2630
74,3,4,2415
55,4,1,2153
74,3,4,2373
74,3,4,2474
66,3,1,1894
74,3,4,2666
74,3,4,2246
86,3,4,2435
86,3,4,2320
86,3,4,2392
86,3,4,2420
86,3,4,2502
86,3,4,2606
74,3,4,2746
86,3,4,2506
74,3,4,2762
74,3,4,2666
74,3,4,2246
74,3,4,2423
86,3,4,2629
86,3,4,2480
86,3,4,2700
86,3,4,2509
86,3,4,2787
74,3,4,2308
74,3,4,2408
74,3,4,2490
74,3,4,2594
74,3,4,2380
995,4,4,2579
839,4,4,2308
839,4,4,2408
839,4,4,2490
839,4,4,2380
839,4,4,2594
86,3,4,2514
86,3,4,2766
86,3,4,2320
371,4,4,2536
74,3,4,2423
154,4,4,2503
74,3,4,2468
338,4,4,2477
74,3,4,2408
154,4,4,2503
338,4,4,2848
74,3,4,2308
1332,4,4,2661
338,4,4,2609
338,4,4,2623
74,3,4,2490
74,3,4,2380
338,4,4,2697
74,3,4,2594
154,4,4,2488
154,4,4,2388
154,4,4,2488
154,4,4,2388
1414,4,4,2473
1414,4,4,2473
1414,4,4,2473
1414,4,4,2473
1077,4,4,2646
1414,4,4,2473
1414,4,4,2473
1414,4,4,2473
1414,4,4,2473
1158,4,4,2472
154,4,4,2460
175,4,4,2509
105,4,4,2439
154,4,4,2460
154,4,4,2674
154,4,4,2674
154,4,4,2570
154,4,4,2570
86,3,4,2685
74,3,4,2494
533,4,4,2698
136,4,4,2556
74,3,4,2502
74,3,4,2423
74,3,4,2468
361,4,4,2500
74,3,4,2468
74,3,4,2468
135,4,4,2529
105,4,4,2499
74,3,4,2839
74,3,4,2839
361,4,4,2871
135,4,4,2900
105,4,4,2870
74,3,4,2468
74,3,4,2468
1414,4,4,2473
1414,4,4,2473
1414,4,4,2473
1414,4,4,2473
1414,4,4,2473
1414,4,4,2473
1414,4,4,2473
1414,4,4,2473
1414,4,4,2473
1414,4,4,2473
1414,4,4,2473
1414,4,4,2473
74,3,4,2308
105,4,4,2339
105,4,4,2454
74,3,4,2468
1414,4,4,2473
635,4,4,2459
839,4,4,2502
74,3,4,2468
74,3,4,2614
74,3,4,2614
74,3,4,2688
361,4,4,2646
74,3,4,2380
361,4,4,2720
135,4,4,2675
105,4,4,2645
74,3,4,2380
74,3,4,2594
105,4,4,2411
74,3,4,2600
74,3,4,2600
361,4,4,2632
74,3,4,2688
74,3,4,2490
135,4,4,2749
105,4,4,2719
135,4,4,2661
105,4,4,2631
74,3,4,2594
74,3,4,2490
105,4,4,2625
105,4,4,2521
86,3,4,2656
105,4,4,2525
74,3,4,2468
74,3,4,2468
86,3,4,2514
74,3,4,2423
74,3,4,2468
74,3,4,2468
74,3,4,2468
74,3,4,2468
74,3,4,2468
338,4,4,2798
74,3,4,2502
154,4,4,2582
154,4,4,2582
1414,4,4,2473
1414,4,4,2473
1414,4,4,2473
1414,4,4,2473
1164,4,4,2478
1028,4,4,2683
201,4,4,2621
105,4,4,2525
74,3,4,2423
759,4,4,2643
693,4,4,2577
74,3,4,2408
74,3,4,2839
74,3,4,2614
74,3,4,2688
74,3,4,2600
74,3,4,2789
74,3,4,2789
361,4,4,2821
135,4,4,2850
105,4,4,2820
74,3,4,2502
74,3,4,2468
74,3,4,2468
780,4,4,2664
1414,4,4,2533
164,4,4,2558
644,4,4,2528
1414,4,4,2533
277,4,4,2671
759,4,4,2643
1414,4,4,2533
74,3,4,2408
658,4,4,2542
74,3,4,2408
105,4,4,2533
759,4,4,2643
1414,4,4,2533
820,4,4,2704
74,3,4,2408
759,4,4,2643
74,3,4,2408
1414,4,4,2533
767,4,4,2651
74,3,4,2408
74,3,4,2789
66,3,1,2284
66,3,1,1894
54,3,1,2273
630,4,1,2340
1414,4,4,2473
1414,4,4,2473
1414,4,4,2473
1215,4,4,2529
1414,4,4,2473
1414,4,4,2473
1414,4,4,2473
1414,4,4,2473
1414,4,4,2473
1414,4,4,2473
1414,4,4,2473
1414,4,4,2473
1414,4,4,2473
1414,4,4,2473
1414,4,4,2473
1414,4,4,2473
351,4,4,2430
1414,4,4,2473
1414,4,4,2473
1414,4,4,2473
1414,4,4,2473
1414,4,4,2473
1414,4,4,2473
1414,4,4,2473
1414,4,4,2473
1414,4,4,2473
1414,4,4,2473
1414,4,4,2473
1414,4,4,2473
351,4,4,2430
1414,4,4,2473
1414,4,4,2473
1414,4,4,2473
1414,4,4,2473
1414,4,4,2473
1414,4,4,2473
1414,4,4,2473
1414,4,4,2473
1414,4,4,2473
1414,4,4,2473
75,4,4,2317
1366,4,1,1919
1366,4,1,1919
54,3,1,2275
1366,4,1,1919
54,3,1,2276
1366,4,1,1919
1218,4,1,2026
74,3,4,2468
74,3,4,2468
74,3,4,2468
54,3,1,2277
1414,4,4,2473
1414,4,4,2473
1414,4,4,2473
1414,4,4,2473
1414,4,4,2473
1414,4,4,2473
1414,4,4,2473
1414,4,4,2473
1414,4,4,2473
1414,4,4,2473
1414,4,4,2473
1414,4,4,2473
1414,4,4,2473
1414,4,4,2473
74,3,4,2468
74,3,4,2468
134,4,1,2358
134,4,1,2359
495,4,1,2466
1131,4,1,2338
85,4,1,2313
74,3,4,2468
725,4,4,2549
74,3,4,2468
74,3,4,2468
74,3,4,2468
74,3,4,2468
74,3,4,2468
74,3,4,2468
74,3,4,2468
74,3,4,2468
74,3,4,2468
74,3,4,2468
74,3,4,2468
74,3,4,2468
109,4,4,2503
74,3,4,2408
109,4,4,2503
74,3,4,2408
74,3,4,2468
74,3,4,2468
74,3,4,2468
74,3,4,2468
74,3,4,2468
74,3,4,2468
75,4,4,2512
86,3,4,2783
490,4,4,2629
105,4,4,2499
74,3,4,2408
74,3,4,2366
54,3,1,1882
157,4,1,1985
116,4,1,1944
54,3,1,2283
85,4,1,2315
367,4,1,1940
54,3,1,1882
54,3,1,2285
74,4,1,2105
74,4,1,2106
152,4,1,1980
193,4,1,2021
66,3,1,2063
105,4,4,2514
66,3,1,1894
54,3,1,2052
518,4,1,2262
54,3,1,1882
1366,4,1,1919
1366,4,1,1919
54,3,1,2054
1366,4,1,1919
1366,4,1,1919
54,3,1,2055
848,4,1,1911
74,3,4,2598
1366,4,1,1919
66,3,1,2068
134,4,1,2137
134,4,1,2138
411,4,1,2161
54,3,1,1882
513,4,1,2086
116,4,1,1944
54,3,1,2060
54,3,1,1882
85,4,1,2092
85,4,1,1913
54,3,1,1882
54,3,1,2062
1292,4,4,2786
1292,4,4,2786
1292,4,4,2786
140,4,4,2654
324,4,4,2583
279,4,4,2793
280,4,4,2794
346,4,1,1919
102,4,4,2394
102,4,4,2394
54,3,1,2063
1292,4,4,2564
1292,4,4,2564
1292,4,4,2786
1292,4,4,2564
371,4,4,2408
983,4,4,2510
98,4,4,2390
86,4,4,2378
570,4,4,2352
85,4,4,2377
140,4,4,2654
93,4,4,2607
93,4,4,2607
94,4,4,2608
276,4,4,2790
272,4,4,2786
272,4,4,2786
183,4,4,2475
1292,4,4,2564
87,4,4,2379
91,4,4,2383
92,4,4,2384
101,4,4,2615
93,4,4,2607
74,3,4,2316
86,3,4,2691
94,4,4,2608
570,4,4,2352
597,4,4,2379
98,4,4,2612
592,4,4,2374
84,4,4,2376
97,4,4,2611
86,3,4,2404
81,4,1,2114
81,4,1,2115
86,3,4,2614
86,4,4,2378
85,4,4,2377
74,3,4,2679
86,3,4,2516
160,4,1,1988
172,4,1,2000
74,3,4,2392
1414,4,4,2744
555,4,4,2905
95,4,4,2609
86,3,4,2305
1414,4,4,2457
794,4,4,2602
86,3,4,2743
87,4,4,2379
86,3,4,2614
74,3,4,2602
74,3,4,2293
74,3,4,2366
74,3,4,2504
1414,4,4,2569
1414,4,4,2569
868,4,4,2533
1294,4,4,2802
74,3,4,2392
1294,4,4,2802
1294,4,4,2802
483,4,4,2756
74,3,4,2679
545,4,4,2509
138,4,4,2456
148,4,4,2753
74,3,4,2731
1034,4,4,2797
1414,4,4,2796
1414,4,4,2796
1414,4,4,2796
74,3,4,2293
1414,4,4,2796
1075,4,4,2967
602,4,4,2522
74,3,4,2293
154,4,4,2373
154,4,4,2373
391,4,4,2355
74,3,4,2392
74,3,4,2679
74,3,4,2731
533,4,4,2935
74,3,4,2293
136,4,4,2793
74,3,4,2293
105,4,4,2324
615,4,4,2762
74,3,4,2293
105,4,4,2762
74,3,4,2293
149,4,4,2368
74,3,4,2731
267,4,4,2924
105,4,4,2762
74,3,4,2293
78,4,1,2113
78,4,1,2114
164,4,1,1992
188,4,1,2016
86,3,4,2711
86,3,4,2585
74,3,4,2699
542,4,4,2912
74,3,4,2573
1414,4,4,2638
74,3,4,2699
1414,4,4,2638
1414,4,4,2638
74,3,4,2699
1414,4,4,2638
1079,4,4,2558
74,3,4,2699
154,4,4,2779
154,4,4,2779
389,4,4,2759
74,3,4,2573
74,3,4,2573
533,4,4,2777
136,4,4,2635
74,3,4,2699
616,4,4,2605
105,4,4,2604
74,3,4,2699
105,4,4,2730
149,4,4,2774
42,2,2,1798
74,3,4,2573
267,4,4,2766
105,4,4,2604
42,2,2,1798
74,3,4,2699
79,4,1,2116
79,4,1,2117
168,4,1,1996
192,4,1,2020
86,3,4,2443
1414,4,4,2473
1414,4,4,2473
1414,4,4,2473
1135,4,4,2449
1064,4,4,2633
105,4,4,2439
86,3,4,2642
74,3,4,2431
543,4,4,2645
74,3,4,2468
74,3,4,2630
1414,4,4,2695
1414,4,4,2695
74,3,4,2431
1414,4,4,2695
1414,4,4,2695
74,3,4,2431
1079,4,4,2615
74,3,4,2468
74,3,4,2468
109,4,4,2503
74,3,4,2431
74,3,4,2408
154,4,4,2511
154,4,4,2511
390,4,4,2492
272,4,4,2786
272,4,4,2786
272,4,4,2786
74,3,4,2630
533,4,4,2834
136,4,4,2692
616,4,4,2662
105,4,4,2661
91,4,4,2383
91,4,4,2383
91,4,4,2383
641,4,4,2423
84,4,4,2376
491,4,4,2630
592,4,4,2374
84,4,4,2376
74,3,4,2431
74,3,4,2431
74,3,4,2408
570,4,4,2352
84,4,4,2376
105,4,4,2499
74,3,4,2408
93,4,4,2607
97,4,4,2611
97,4,4,2611
105,4,4,2462
97,4,4,2611
86,3,4,2591
149,4,4,2506
94,4,4,2608
86,3,4,2528
86,3,4,2556
74,3,4,2630
85,4,4,2377
268,4,4,2824
105,4,4,2661
86,4,4,2378
86,3,4,2378
86,3,4,2378
101,4,4,2625
74,3,4,2431
74,3,4,2579
74,3,4,2516
1414,4,4,2644
495,4,4,2745
1414,4,4,2581
463,4,4,2650
66,3,1,2387
74,3,4,2483
66,3,1,1894
54,3,1,2376
517,4,1,2585
86,3,4,2378
74,3,4,2544
1414,4,4,2609
463,4,4,2678
74,3,4,2366
74,3,4,2366
1414,4,4,2431
1414,4,4,2431
1414,4,4,2431
150,4,4,2442
74,3,4,2579
1166,4,4,2438
138,4,4,2643
166,4,4,2671
752,4,4,2747
74,3,4,2366
1414,4,4,2431
1414,4,4,2431
1414,4,4,2431
150,4,4,2442
74,3,4,2516
1165,4,4,2437
138,4,4,2580
102,4,4,2511
54,3,1,1882
1366,4,1,1919
1366,4,1,1919
1366,4,1,1919
54,3,1,2378
1366,4,1,1919
1167,4,1,1975
74,3,4,2366
361,4,4,2398
361,4,4,2398
117,4,4,2409
74,3,4,2366
54,3,1,2379
74,3,4,2516
1414,4,4,2431
1414,4,4,2431
74,3,4,2544
1414,4,4,2431
150,4,4,2442
1167,4,4,2439
361,4,4,2398
361,4,4,2398
126,4,4,2418
1365,4,4,2382
74,3,4,2544
74,3,4,2579
138,4,4,2608
105,4,4,2610
134,4,1,2460
134,4,1,2461
925,4,1,2488
1366,4,1,1919
54,3,1,1882
513,4,1,2086
116,4,1,1944
66,3,1,2395
54,3,1,2384
85,4,1,1913
241,4,1,2069
85,4,1,1913
74,3,4,2598
361,4,4,2398
361,4,4,2398
117,4,4,2409
54,3,1,2385
74,3,4,2544
85,4,1,2162
74,3,4,2366
54,3,1,1882
1414,4,4,2473
1414,4,4,2473
1414,4,4,2473
1214,4,4,2528
1414,4,4,2473
1414,4,4,2473
1414,4,4,2473
604,4,4,2428
105,4,4,2439
74,3,4,2468
74,3,4,2468
74,3,4,2468
74,3,4,2468
74,3,4,2468
491,4,4,2630
105,4,4,2499
74,3,4,2408
86,4,4,2248
86,4,4,2248
271,4,4,2785
271,4,4,2785
272,4,4,2786
90,4,4,2382
652,4,4,2434
591,4,4,2373
84,4,4,2376
84,4,4,2376
593,4,4,2375
84,4,4,2376
97,4,4,2611
97,4,4,2611
97,4,4,2611
1292,4,4,2643
1292,4,4,2643
94,4,4,2608
85,4,4,2377
102,4,4,2272
1292,4,4,2442
1292,4,4,2442
1292,4,4,2442
1292,4,4,2643
99,4,4,2470
86,3,4,2478
86,4,4,2378
1292,4,4,2442
1292,4,4,2442
1005,4,4,2410
101,4,4,2699
231,4,4,2829
1288,4,4,2866
1292,4,4,2870
742,4,4,2830
147,4,4,2745
219,4,4,2817
86,3,4,2532
1063,4,4,2468
183,4,4,2353
85,4,4,2255
85,4,4,2255
90,4,4,2260
74,3,4,2466
1414,4,4,2531
458,4,4,2595
93,4,4,2691
94,4,4,2692
74,3,4,2520
74,3,4,2520
87,4,4,2257
1294,4,4,2720
1294,4,4,2720
1294,4,4,2720
491,4,4,2682
1288,4,4,2438
1292,4,4,2442
74,3,4,2466
74,3,4,2466
1288,4,4,2438
1292,4,4,2442
1292,4,4,2442
183,4,4,2353
93,4,4,2691
195,4,4,2365
97,4,4,2695
1287,4,4,2437
1292,4,4,2442
1292,4,4,2442
93,4,4,2691
93,4,4,2691
93,4,4,2691
1292,4,4,2442
1292,4,4,2442
1292,4,4,2442
148,4,4,2540
1292,4,4,2442
93,4,4,2691
93,4,4,2691
1292,4,4,2442
1292,4,4,2442
1292,4,4,2442
93,4,4,2691
1292,4,4,2442
93,4,4,2691
1292,4,4,2442
1292,4,4,2442
93,4,4,2691
780,4,4,2440
1285,4,4,2435
1292,4,4,2442
1292,4,4,2442
1292,4,4,2442
93,4,4,2691
93,4,4,2691
1292,4,4,2442
93,4,4,2691
271,4,4,2785
271,4,4,2785
271,4,4,2785
1292,4,4,2442
1292,4,4,2442
1292,4,4,2442
1292,4,4,2442
93,4,4,2691
93,4,4,2691
1292,4,4,2442
1292,4,4,2442
93,4,4,2691
1292,4,4,2442
1292,4,4,2442
804,4,4,2464
93,4,4,2691
1285,4,4,2435
93,4,4,2691
74,3,4,2520
1292,4,4,2442
1292,4,4,2442
93,4,4,2691
1292,4,4,2442
1292,4,4,2442
1292,4,4,2442
1292,4,4,2442
93,4,4,2691
93,4,4,2691
1292,4,4,2442
1292,4,4,2442
98,4,4,2696
1292,4,4,2870
679,4,4,2767
1292,4,4,2870
1292,4,4,2442
1292,4,4,2442
1292,4,4,2442
1292,4,4,2442
1163,4,4,2741
798,4,4,2458
1285,4,4,2435
1292,4,4,2442
1292,4,4,2442
1292,4,4,2442
1292,4,4,2442
1292,4,4,2442
1292,4,4,2442
139,4,4,2737
1292,4,4,2442
93,4,4,2691
93,4,4,2691
94,4,4,2692
94,4,4,2692
94,4,4,2692
94,4,4,2692
1229,4,4,2379
94,4,4,2692
278,4,4,2792
273,4,4,2787
273,4,4,2787
90,4,4,2382
651,4,4,2433
84,4,4,2376
592,4,4,2374
84,4,4,2376
97,4,4,2611
97,4,4,2611
108,4,4,2622
1292,4,4,2664
1292,4,4,2664
143,4,4,2535
86,4,4,2256
90,4,4,2260
1288,4,4,2438
605,4,4,2265
98,4,4,2696
95,4,4,2693
86,4,4,2256
1288,4,4,2438
1292,4,4,2442
1292,4,4,2442
1292,4,4,2442
1292,4,4,2442
1292,4,4,2442
90,4,4,2382
89,4,4,2381
596,4,4,2378
98,4,4,2696
94,4,4,2692
94,4,4,2692
1292,4,4,2442
1292,4,4,2442
84,4,4,2376
592,4,4,2374
85,4,4,2377
93,4,4,2607
1292,4,4,2442
1292,4,4,2442
90,4,4,2382
1292,4,4,2442
1292,4,4,2442
1292,4,4,2442
1292,4,4,2442
1292,4,4,2442
1292,4,4,2442
97,4,4,2611
97,4,4,2611
1292,4,4,2442
1292,4,4,2442
1292,4,4,2442
1292,4,4,2442
1292,4,4,2442
1292,4,4,2442
1292,4,4,2442
94,4,4,2692
94,4,4,2692
94,4,4,2692
94,4,4,2692
94,4,4,2692
94,4,4,2692
94,4,4,2692
1292,4,4,2442
102,4,4,2394
1292,4,4,2564
1292,4,4,2442
94,4,4,2692
1292,4,4,2442
94,4,4,2692
94,4,4,2692
1292,4,4,2442
1292,4,4,2442
1292,4,4,2442
1292,4,4,2442
1292,4,4,2442
1292,4,4,2442
94,4,4,2692
94,4,4,2692
1292,4,4,2442
1292,4,4,2442
1292,4,4,2442
1292,4,4,2442
1292,4,4,2442
1292,4,4,2442
1292,4,4,2442
1292,4,4,2442
94,4,4,2692
1292,4,4,2442
1292,4,4,2442
1292,4,4,2442
1292,4,4,2442
1292,4,4,2442
1292,4,4,2442
1292,4,4,2442
1292,4,4,2442
1292,4,4,2442
1292,4,4,2442
1292,4,4,2442
94,4,4,2692
1292,4,4,2442
1292,4,4,2442
1292,4,4,2442
1292,4,4,2442
1292,4,4,2442
1292,4,4,2442
1292,4,4,2442
1292,4,4,2442
1292,4,4,2442
1292,4,4,2442
1292,4,4,2442
1292,4,4,2442
1292,4,4,2442
1292,4,4,2442
1292,4,4,2442
1292,4,4,2564
95,4,4,2693
465,4,4,2502
889,4,4,2416
209,4,4,2501
86,4,4,2378
1292,4,4,2442
1292,4,4,2442
140,4,4,2532
93,4,4,2485
1292,4,4,2442
1292,4,4,2442
1292,4,4,2442
1292,4,4,2442
651,4,4,2533
94,4,4,2608
1292,4,4,2442
1292,4,4,2442
1292,4,4,2442
95,4,4,2693
1292,4,4,2870
121,4,4,2719
105,4,4,2619
1292,4,4,2829
1292,4,4,2829
361,4,4,2704
85,4,4,2377
1292,4,4,2442
1292,4,4,2442
1292,4,4,2442
1292,4,4,2442
1292,4,4,2442
1292,4,4,2442
182,4,4,2474
1292,4,4,2442
1292,4,4,2442
1292,4,4,2442
1292,4,4,2442
1292,4,4,2442
1292,4,4,2442
1292,4,4,2442
95,4,4,2693
1292,4,4,2442
1292,4,4,2442
1292,4,4,2442
91,4,4,2383
91,4,4,2383
1292,4,4,2442
1292,4,4,2442
1292,4,4,2442
1292,4,4,2442
1292,4,4,2442
94,4,4,2486
1292,4,4,2442
1292,4,4,2442
1292,4,4,2442
94,4,4,2692
1292,4,4,2442
1292,4,4,2442
1292,4,4,2442
1292,4,4,2442
102,4,4,2272
1292,4,4,2442
1292,4,4,2442
1292,4,4,2442
1292,4,4,2442
94,4,4,2692
1292,4,4,2442
1292,4,4,2442
1292,4,4,2442
1292,4,4,2442
1292,4,4,2442
1292,4,4,2442
1292,4,4,2442
1292,4,4,2442
1292,4,4,2442
1292,4,4,2442
1292,4,4,2442
1292,4,4,2442
1292,4,4,2442
1292,4,4,2442
1292,4,4,2829
1292,4,4,2442
1292,4,4,2442
94,4,4,2692
1292,4,4,2442
1292,4,4,2442
1292,4,4,2442
1292,4,4,2442
1292,4,4,2442
1292,4,4,2442
1292,4,4,2442
94,4,4,2692
1292,4,4,2442
1292,4,4,2442
1292,4,4,2442
1292,4,4,2442
1292,4,4,2442
1292,4,4,2442
1292,4,4,2442
1292,4,4,2442
1292,4,4,2442
1292,4,4,2442
94,4,4,2692
86,3,4,2508
288,4,4,2802
275,4,4,2789
275,4,4,2789
1292,4,4,2442
1292,4,4,2442
1292,4,4,2442
1292,4,4,2442
1292,4,4,2442
1292,4,4,2442
1292,4,4,2442
1292,4,4,2442
1292,4,4,2442
1292,4,4,2442
1292,4,4,2442
95,4,4,2693
1292,4,4,2442
1292,4,4,2442
1292,4,4,2442
1292,4,4,2442
1292,4,4,2442
1292,4,4,2442
1292,4,4,2442
274,4,4,2788
275,4,4,2789
275,4,4,2789
95,4,4,2693
1292,4,4,2442
1292,4,4,2442
1292,4,4,2442
1292,4,4,2442
1292,4,4,2442
1292,4,4,2442
1292,4,4,2442
1292,4,4,2442
1292,4,4,2442
1292,4,4,2442
1292,4,4,2442
1292,4,4,2442
1004,4,4,2409
744,4,4,2526
255,4,4,2547
95,4,4,2693
101,4,4,2630
97,4,4,2489
102,4,4,2631
145,4,4,2674
134,4,4,2663
709,4,4,2728
274,4,4,2788
274,4,4,2788
274,4,4,2788
86,3,4,2559
74,3,4,2496
1414,4,4,2561
565,4,4,2732
1292,4,4,2442
1292,4,4,2442
1292,4,4,2442
1292,4,4,2442
314,4,4,2229
603,4,4,2385
1292,4,4,2442
1292,4,4,2442
1292,4,4,2442
1292,4,4,2442
85,4,4,2377
1292,4,4,2442
1292,4,4,2442
1292,4,4,2442
1292,4,4,2442
97,4,4,2611
99,4,4,2697
1292,4,4,2442
1292,4,4,2442
1292,4,4,2442
1292,4,4,2442
1292,4,4,2442
1292,4,4,2442
1292,4,4,2442
1292,4,4,2442
1292,4,4,2442
1292,4,4,2442
1292,4,4,2442
95,4,4,2693
1292,4,4,2442
1292,4,4,2442
1292,4,4,2442
1292,4,4,2442
1292,4,4,2442
1292,4,4,2442
1292,4,4,2442
1292,4,4,2442
95,4,4,2693
615,4,4,2703
1292,4,4,2442
90,4,4,2382
1292,4,4,2442
1292,4,4,2442
592,4,4,2374
85,4,4,2377
1292,4,4,2442
97,4,4,2611
1292,4,4,2442
1292,4,4,2442
1292,4,4,2442
1292,4,4,2442
1292,4,4,2442
1292,4,4,2442
1292,4,4,2442
1292,4,4,2442
95,4,4,2693
1292,4,4,2442
1292,4,4,2442
1292,4,4,2442
1292,4,4,2442
1292,4,4,2442
1292,4,4,2442
1292,4,4,2442
1292,4,4,2442
1292,4,4,2442
95,4,4,2693
1292,4,4,2442
1292,4,4,2442
1292,4,4,2442
1292,4,4,2442
1292,4,4,2442
1292,4,4,2442
1292,4,4,2442
1292,4,4,2442
1292,4,4,2442
1292,4,4,2442
95,4,4,2693
1292,4,4,2442
1292,4,4,2442
1292,4,4,2442
1292,4,4,2442
1292,4,4,2442
1292,4,4,2442
1292,4,4,2442
111,4,4,2625
1292,4,4,2442
1292,4,4,2442
95,4,4,2693
1292,4,4,2604
1292,4,4,2604
1292,4,4,2442
1292,4,4,2442
1292,4,4,2442
1292,4,4,2442
1292,4,4,2442
1292,4,4,2442
1292,4,4,2442
1292,4,4,2442
1292,4,4,2442
1292,4,4,2442
95,4,4,2693
1292,4,4,2442
90,4,4,2382
604,4,4,2386
85,4,4,2377
98,4,4,2612
1027,4,4,2432
183,4,4,2353
593,4,4,2375
85,4,4,2377
1292,4,4,2442
98,4,4,2612
1292,4,4,2442
94,4,4,2623
1292,4,4,2442
1292,4,4,2442
1292,4,4,2442
1292,4,4,2442
1292,4,4,2442
1292,4,4,2442
1292,4,4,2442
95,4,4,2693
1292,4,4,2442
1292,4,4,2442
1292,4,4,2442
1292,4,4,2442
1292,4,4,2442
1292,4,4,2442
1292,4,4,2442
1292,4,4,2442
1292,4,4,2442
1292,4,4,2442
1292,4,4,2442
1292,4,4,2442
95,4,4,2693
1414,4,4,2561
1292,4,4,2442
1292,4,4,2442
1292,4,4,2442
1292,4,4,2442
1292,4,4,2442
1292,4,4,2442
1292,4,4,2442
90,4,4,2382
603,4,4,2385
89,4,4,2257
112,4,4,2626
85,4,4,2377
86,3,4,2559
74,3,4,2547
85,4,4,2377
98,4,4,2612
1292,4,4,2636
1292,4,4,2636
1292,4,4,2442
1292,4,4,2442
1292,4,4,2442
704,4,4,2364
86,4,4,2378
571,4,4,2353
85,4,4,2377
92,4,4,2262
95,4,4,2693
98,4,4,2612
1294,4,4,2747
1294,4,4,2747
74,3,4,2496
1294,4,4,2747
1294,4,4,2747
1294,4,4,2747
74,3,4,2496
1294,4,4,2747
1294,4,4,2747
74,3,4,2496
691,4,4,2654
571,4,4,2353
85,4,4,2377
102,4,4,2394
92,4,4,2384
74,3,4,2496
1292,4,4,2564
1292,4,4,2564
1292,4,4,2564
148,4,4,2570
98,4,4,2612
94,4,4,2608
264,4,4,2434
1292,4,4,2604
99,4,4,2697
84,4,4,2254
571,4,4,2353
1292,4,4,2617
1292,4,4,2617
94,4,4,2623
85,4,4,2377
94,4,4,2608
86,4,4,2378
99,4,4,2697
86,3,4,2270
1292,4,4,2564
1292,4,4,2564
677,4,4,2459
86,3,4,2559
93,4,4,2385
102,4,4,2394
86,4,4,2378
74,3,4,2547
1054,4,4,2762
1292,4,4,2564
1292,4,4,2564
1292,4,4,2564
87,4,4,2257
87,4,4,2379
101,4,4,2389
105,4,1,2181
1292,4,4,2636
102,4,4,2390
145,4,4,2433
1292,4,4,2564
1292,4,4,2564
678,4,4,2460
134,4,4,2422
101,4,4,2465
501,4,4,2534
102,4,4,2466
145,4,4,2509
136,4,4,2500
475,4,4,2584
102,4,4,2272
1292,4,4,2442
1292,4,4,2442
1292,4,4,2442
1292,4,4,2617
95,4,4,2609
1292,4,4,2442
1292,4,4,2442
1292,4,4,2442
101,4,4,2446
102,4,4,2447
86,3,4,2512
74,3,4,2258
1414,4,4,2323
568,4,4,2242
597,4,4,2685
275,4,4,2789
275,4,4,2789
275,4,4,2789
1292,4,4,2564
224,4,4,2512
74,3,4,2496
1032,4,4,2559
183,4,4,2475
89,4,4,2381
95,4,4,2383
95,4,4,2383
95,4,4,2383
1029,4,4,2556
183,4,4,2475
93,4,4,2457
89,4,4,2381
54,3,1,1882
379,4,4,2416
83,4,4,2375
74,3,4,2500
99,4,4,2387
94,4,4,2458
1292,4,4,2699
1292,4,4,2699
1292,4,4,2699
143,4,4,2570
87,4,4,2379
354,4,4,2391
74,3,4,2500
83,4,4,2375
91,4,4,2383
97,4,4,2461
653,4,4,2435
85,4,4,2377
593,4,4,2375
85,4,4,2377
98,4,4,2612
98,4,4,2612
959,4,4,2364
1292,4,4,2618
1292,4,4,2618
1292,4,4,2618
144,4,4,2490
102,4,4,2447
275,4,4,2873
86,3,4,2286
91,4,4,2620
96,4,4,2384
145,4,4,2462
134,4,4,2451
112,4,4,2626
670,4,4,2477
92,4,4,2262
1292,4,4,2764
1292,4,4,2764
1292,4,4,2870
169,4,4,2767
1061,4,4,2894
482,4,4,2825
240,4,4,2838
1294,4,4,2700
1294,4,4,2700
74,3,4,2258
1294,4,4,2700
1294,4,4,2700
1294,4,4,2700
74,3,4,2258
1294,4,4,2700
1294,4,4,2700
74,3,4,2258
1129,4,4,2535
592,4,4,2374
74,3,4,2258
85,4,4,2377
148,4,4,2332
94,4,4,2608
289,4,4,2459
84,4,4,2254
102,4,4,2394
102,4,4,2394
86,4,4,2378
1292,4,4,2564
1292,4,4,2564
102,4,4,2394
102,4,4,2394
99,4,4,2697
88,4,4,2380
1292,4,4,2564
1292,4,4,2564
93,4,4,2385
86,4,4,2378
102,4,4,2272
1292,4,4,2442
1292,4,4,2442
1292,4,4,2442
86,3,4,2475
74,3,4,2274
1292,4,4,2764
1414,4,4,2339
526,4,4,2471
1292,4,4,2564
370,4,4,2407
140,4,4,2567
1288,4,4,2695
1292,4,4,2699
573,4,4,2490
223,4,4,2650
984,4,4,2511
133,4,4,2425
86,4,4,2378
92,4,4,2262
86,4,4,2254
93,4,4,2520
95,4,4,2609
91,4,4,2261
1013,4,4,2418
183,4,4,2353
1292,4,4,2564
366,4,4,2403
988,4,4,2515
125,4,4,2417
86,4,4,2378
1288,4,4,2438
1292,4,4,2442
1292,4,4,2442
1292,4,4,2442
94,4,4,2411
1292,4,4,2442
140,4,4,2486
93,4,4,2439
1288,4,4,2614
1292,4,4,2618
548,4,4,2639
162,4,4,2508
1292,4,4,2442
1292,4,4,2442
1292,4,4,2442
1292,4,4,2442
1060,4,4,2721
1292,4,4,2442
98,4,4,2696
1292,4,4,2442
1292,4,4,2442
1292,4,4,2442
1292,4,4,2442
1292,4,4,2442
1292,4,4,2442
1292,4,4,2442
1292,4,4,2442
1292,4,4,2442
94,4,4,2692
1292,4,4,2442
1292,4,4,2442
1292,4,4,2442
1292,4,4,2442
1292,4,4,2442
1292,4,4,2442
1292,4,4,2442
1292,4,4,2442
1292,4,4,2442
1292,4,4,2442
98,4,4,2696
1292,4,4,2442
1292,4,4,2442
314,4,4,2229
1292,4,4,2442
1292,4,4,2442
1292,4,4,2442
1292,4,4,2442
1292,4,4,2442
1292,4,4,2442
1292,4,4,2442
1292,4,4,2442
1292,4,4,2442
1292,4,4,2442
94,4,4,2692
1292,4,4,2442
1292,4,4,2442
1292,4,4,2442
1292,4,4,2442
1292,4,4,2442
1292,4,4,2442
1292,4,4,2442
1292,4,4,2442
94,4,4,2692
89,4,4,2259
1292,4,4,2442
1292,4,4,2442
1292,4,4,2442
1292,4,4,2442
1292,4,4,2442
1292,4,4,2442
1292,4,4,2442
1292,4,4,2442
1292,4,4,2442
1292,4,4,2442
1292,4,4,2442
1292,4,4,2442
202,4,4,2372
1292,4,4,2442
1292,4,4,2442
1292,4,4,2442
94,4,4,2692
101,4,4,2593
1292,4,4,2442
1292,4,4,2442
1292,4,4,2442
126,4,4,2296
1292,4,4,2442
1292,4,4,2442
1292,4,4,2442
1292,4,4,2442
1292,4,4,2442
1292,4,4,2442
1292,4,4,2442
102,4,4,2594
99,4,4,2697
1292,4,4,2442
1292,4,4,2442
1292,4,4,2442
1292,4,4,2442
1292,4,4,2442
1288,4,4,2436
1292,4,4,2440
1236,4,4,2384
84,4,4,2254
1292,4,4,2442
1292,4,4,2442
97,4,4,2626
93,4,4,2622
95,4,4,2693
1292,4,4,2442
1292,4,4,2442
1292,4,4,2442
1292,4,4,2442
145,4,4,2637
1292,4,4,2442
130,4,4,2622
1292,4,4,2442
1292,4,4,2442
1292,4,4,2442
1292,4,4,2442
1292,4,4,2442
1292,4,4,2442
1292,4,4,2442
1292,4,4,2442
603,4,4,2585
95,4,4,2693
1292,4,4,2442
381,4,4,2296
297,4,4,2467
1292,4,4,2442
97,4,4,2414
1292,4,4,2442
1292,4,4,2442
1292,4,4,2442
1292,4,4,2442
95,4,4,2693
1292,4,4,2442
1292,4,4,2442
1292,4,4,2442
1292,4,4,2442
1292,4,4,2442
1292,4,4,2442
1292,4,4,2442
1292,4,4,2442
1292,4,4,2442
1292,4,4,2442
1292,4,4,2442
1292,4,4,2442
95,4,4,2693
74,3,4,2258
96,4,4,2694
182,4,4,2474
87,4,4,2379
182,4,4,2474
87,4,4,2379
87,4,4,2379
91,4,4,2383
93,4,4,2520
94,4,4,2411
87,4,4,2379
87,4,4,2379
87,4,4,2379
1292,4,4,2442
1292,4,4,2442
1292,4,4,2442
1292,4,4,2442
1292,4,4,2442
1292,4,4,2442
1292,4,4,2442
1292,4,4,2442
1292,4,4,2442
1292,4,4,2442
1292,4,4,2442
1292,4,4,2442
1292,4,4,2442
1292,4,4,2442
1292,4,4,2442
94,4,4,2692
1292,4,4,2442
1292,4,4,2442
1292,4,4,2442
1292,4,4,2442
1292,4,4,2442
1038,4,4,2443
183,4,4,2353
89,4,4,2259
1292,4,4,2442
1292,4,4,2442
98,4,4,2696
1292,4,4,2442
1292,4,4,2442
1292,4,4,2442
94,4,4,2586
1292,4,4,2442
1292,4,4,2442
1292,4,4,2442
1292,4,4,2442
1292,4,4,2442
1292,4,4,2442
1292,4,4,2442
1292,4,4,2442
1292,4,4,2442
1292,4,4,2442
1206,4,4,2356
88,4,4,2258
338,4,4,2253
94,4,4,2692
86,3,4,2475
74,3,4,2463
1294,4,4,2663
1294,4,4,2663
74,3,4,2274
1294,4,4,2663
1294,4,4,2663
1294,4,4,2663
1294,4,4,2663
615,4,4,2494
74,3,4,2274
148,4,4,2348
92,4,4,2384
93,4,4,2439
100,4,4,2698
86,4,4,2256
94,4,4,2586
776,4,4,2864
896,4,4,2423
191,4,4,2483
1288,4,4,2560
1292,4,4,2564
1292,4,4,2564
1292,4,4,2564
1292,4,4,2564
97,4,4,2524
1292,4,4,2564
97,4,4,2443
93,4,4,2439
93,4,4,2439
258,4,4,2856
266,4,4,2864
1292,4,4,2564
1292,4,4,2564
86,4,4,2256
1292,4,4,2564
1292,4,4,2564
1292,4,4,2564
1292,4,4,2564
1292,4,4,2564
88,4,1,1916
93,4,4,2439
93,4,4,2439
93,4,4,2439
1292,4,4,2564
1292,4,4,2564
88,4,4,2258
1292,4,4,2564
93,4,4,2439
93,4,4,2439
1292,4,4,2564
1292,4,4,2564
1292,4,4,2564
93,4,4,2439
478,4,4,2821
1261,4,4,2533
93,4,4,2439
88,4,4,2258
1292,4,4,2870
175,4,4,2773
1040,4,4,2664
326,4,4,2669
54,3,1,2131
1288,4,4,2438
1292,4,4,2442
1292,4,4,2442
953,4,4,2358
92,4,4,2262
74,3,4,2274
99,4,4,2697
512,4,4,2855
86,4,4,2378
86,4,4,2378
93,4,4,2263
269,4,4,2439
84,4,4,2254
269,4,4,2439
84,4,4,2254
100,4,4,2698
270,4,4,2440
84,4,4,2254
99,4,4,2697
338,4,4,2253
727,4,4,2387
307,4,4,2477
97,4,4,2589
272,4,4,2442
85,4,4,2255
99,4,4,2697
654,4,4,2314
135,4,4,2305
107,4,4,2277
216,4,4,2814
95,4,4,2265
341,4,4,2256
748,4,4,2836
92,4,4,2690
92,4,4,2584
88,4,4,2258
105,4,4,2275
86,4,4,2256
1062,4,4,2467
100,4,4,2698
281,4,4,2795
274,4,4,2788
274,4,4,2788
266,4,4,2864
99,4,4,2269
96,4,4,2694
89,4,4,2259
87,4,4,2257
89,4,4,2259
91,4,4,2383
93,4,4,2263
606,4,4,2388
592,4,4,2374
85,4,4,2377
85,4,4,2377
98,4,4,2612
98,4,4,2612
96,4,4,2694
112,4,4,2626
1292,4,4,2765
1292,4,4,2765
571,4,4,2353
85,4,4,2377
94,4,4,2608
273,4,4,2443
85,4,4,2255
161,4,4,2525
86,4,4,2378
101,4,4,2699
274,4,4,2788
274,4,4,2788
274,4,4,2788
93,4,4,2385
95,4,4,2609
88,4,4,2258
90,4,4,2382
102,4,4,2272
93,4,4,2385
606,4,4,2388
85,4,4,2377
571,4,4,2353
99,4,4,2613
99,4,4,2613
1292,4,4,2442
1292,4,4,2442
1292,4,4,2442
1292,4,4,2442
1292,4,4,2442
1292,4,4,2442
85,4,4,2377
103,4,4,2395
83,4,4,2375
1292,4,4,2765
101,4,4,2594
97,4,4,2461
592,4,4,2374
102,4,4,2595
1288,4,4,2614
1211,4,4,2537
85,4,4,2377
1292,4,4,2675
1292,4,4,2675
1292,4,4,2749
1292,4,4,2749
100,4,4,2614
94,4,4,2458
86,4,4,2378
89,4,4,2381
102,4,4,2272
102,4,4,2272
1292,4,4,2442
1292,4,4,2442
1292,4,4,2442
86,4,4,2378
1292,4,4,2675
94,4,4,2440
1292,4,4,2442
1292,4,4,2442
1292,4,4,2442
960,4,4,2365
1292,4,4,2749
102,4,4,2595
145,4,4,2638
135,4,4,2628
1288,4,4,2761
1292,4,4,2765
1292,4,4,2765
968,4,4,2696
144,4,4,2637
105,4,4,2446
87,4,4,2379
1292,4,4,2442
1292,4,4,2442
830,4,4,2235
1029,4,4,2556
226,4,4,2518
1292,4,4,2442
101,4,4,2504
1292,4,4,2442
828,4,4,2233
101,4,4,2578
97,4,4,2443
102,4,4,2505
102,4,4,2579
145,4,4,2548
135,4,4,2538
145,4,4,2622
133,4,4,2610
1288,4,4,2671
1292,4,4,2675
753,4,4,2646
597,4,4,2490
757,4,4,2650
597,4,4,2490
147,4,4,2550
459,4,4,2681
126,4,4,2603
693,4,4,2353
183,4,4,2353
693,4,4,2353
183,4,4,2353
93,4,4,2496
93,4,4,2570
85,4,4,2255
85,4,4,2255
103,4,4,2273
1014,4,4,2419
183,4,4,2353
95,4,4,2588
95,4,4,2588
89,4,4,2259
85,4,4,2255
89,4,4,2259
85,4,4,2255
86,4,4,2378
85,4,4,2255
74,3,4,2603
89,4,4,2259
90,4,4,2260
93,4,4,2570
94,4,4,2497
1288,4,4,2438
1139,4,4,2289
299,4,4,2469
95,4,4,2588
99,4,4,2592
350,4,4,2265
109,4,4,2586
99,4,4,2269
83,4,4,2253
83,4,4,2253
97,4,4,2574
1288,4,4,2671
994,4,4,2632
537,4,4,2685
1288,4,4,2438
845,4,4,2250
97,4,4,2500
279,4,4,2449
94,4,4,2571
94,4,4,2497
90,4,4,2260
86,4,4,2256
89,4,4,2259
89,4,4,2259
93,4,4,2496
86,4,4,2256
93,4,4,2570
1292,4,4,2442
409,4,4,2324
240,4,4,2410
93,4,4,2496
1292,4,4,2442
411,4,4,2326
240,4,4,2410
212,4,4,2382
97,4,4,2500
97,4,4,2500
144,4,4,2314
93,4,4,2496
85,4,4,2255
1292,4,4,2765
380,4,4,2618
89,4,4,2259
94,4,4,2587
982,4,4,2387
194,4,4,2364
97,4,4,2590
86,4,4,2256
1292,4,4,2675
875,4,4,2513
1292,4,4,2870
498,4,4,2841
302,4,4,2900
288,4,4,2886
89,4,4,2259
94,4,4,2264
75,4,4,2575
95,4,4,2693
94,4,4,2497
298,4,4,2468
274,4,4,2444
85,4,4,2255
85,4,4,2255
100,4,4,2698
1287,4,4,2437
345,4,4,2260
89,4,4,2259
140,4,4,2310
687,4,4,2347
99,4,4,2697
154,4,4,2324
97,4,4,2500
86,3,4,2333
272,4,4,2786
269,4,4,2783
269,4,4,2783
88,4,4,2258
88,4,4,2258
93,4,4,2385
654,4,4,2436
85,4,4,2377
592,4,4,2374
593,4,4,2375
85,4,4,2377
85,4,4,2377
86,3,4,2646
86,3,4,2598
86,4,4,2256
104,4,4,2618
525,4,4,2868
86,3,4,2318
74,3,4,2634
1414,4,4,2699
502,4,4,2807
86,3,4,2572
74,3,4,2586
1414,4,4,2651
534,4,4,2791
92,4,4,2262
87,4,4,2379
86,3,4,2318
74,3,4,2306
95,4,4,2693
86,3,4,2572
74,3,4,2560
1294,4,4,2506
1294,4,4,2506
1294,4,4,2506
507,4,4,2484
74,3,4,2634
148,4,4,2708
166,4,4,2726
74,3,4,2586
695,4,4,2745
193,4,4,2753
1294,4,4,2760
74,3,4,2586
1294,4,4,2760
1294,4,4,2760
506,4,4,2737
1287,4,4,2437
362,4,4,2277
89,4,4,2259
211,4,4,2381
99,4,4,2697
181,4,4,2741
195,4,4,2755
193,4,4,2753
1056,4,4,2523
105,4,4,2337
74,3,4,2634
105,4,4,2665
606,4,4,2328
74,3,4,2634
1294,4,4,2506
1294,4,4,2506
74,3,4,2634
1294,4,4,2506
836,4,4,2303
219,4,4,2451
74,3,4,2634
113,4,4,2673
1294,4,4,2506
1294,4,4,2506
74,3,4,2634
1262,4,4,2474
74,3,4,2306
202,4,4,2434
74,3,4,2634
1294,4,4,2506
1294,4,4,2506
74,3,4,2634
668,4,4,2390
1294,4,4,2506
202,4,4,2434
1294,4,4,2506
74,3,4,2634
883,4,4,2350
88,4,4,2258
74,3,4,2306
74,3,4,2634
523,4,4,2866
92,4,4,2262
95,4,4,2693
1287,4,4,2437
120,4,4,2290
89,4,4,2259
252,4,4,2422
99,4,4,2697
88,4,4,2258
273,4,4,2787
273,4,4,2787
273,4,4,2787
273,4,4,2787
93,4,4,2385
92,4,4,2384
95,4,4,2609
88,4,4,2380
642,4,4,2424
85,4,4,2377
571,4,4,2353
85,4,4,2377
624,4,4,2406
85,4,4,2377
1292,4,4,2651
1292,4,4,2651
104,4,4,2618
86,3,4,2665
868,4,4,2395
1292,4,4,2623
273,4,4,2787
273,4,4,2787
273,4,4,2787
885,4,4,2718
83,4,4,2375
86,3,4,2449
74,3,4,2653
96,4,4,2610
1414,4,4,2718
522,4,4,2846
1292,4,4,2564
1292,4,4,2623
885,4,4,2718
609,4,4,2391
85,4,4,2377
86,3,4,2449
74,3,4,2437
1292,4,4,2564
92,4,4,2262
571,4,4,2353
85,4,4,2377
571,4,4,2353
85,4,4,2377
104,4,4,2455
1294,4,4,2637
1294,4,4,2637
1294,4,4,2637
1294,4,4,2637
74,3,4,2653
1294,4,4,2637
530,4,4,2638
74,3,4,2653
148,4,4,2727
166,4,4,2745
1414,4,4,2718
1414,4,4,2718
310,4,4,2634
782,4,4,2442
98,4,4,2696
104,4,4,2618
99,4,4,2450
109,4,4,2688
633,4,4,2721
1286,4,4,2436
1292,4,4,2442
1292,4,4,2442
1292,4,4,2442
1292,4,4,2442
1292,4,4,2442
1292,4,4,2442
1292,4,4,2442
1292,4,4,2442
1292,4,4,2442
1292,4,4,2442
94,4,4,2692
1292,4,4,2442
1292,4,4,2442
97,4,4,2267
1292,4,4,2564
89,4,4,2259
74,3,4,2437
1032,4,4,2630
105,4,4,2468
232,4,4,2524
1292,4,4,2564
74,3,4,2653
103,4,4,2454
235,4,4,2586
226,4,4,2577
105,4,4,2684
1286,4,4,2436
1292,4,4,2442
1292,4,4,2442
1292,4,4,2442
1292,4,4,2442
1292,4,4,2442
1109,4,4,2259
86,3,4,2449
74,3,4,2437
94,4,4,2692
87,4,4,2379
95,4,4,2693
74,3,4,2437
93,4,4,2263
1004,4,4,2531
183,4,4,2475
97,4,4,2448
97,4,4,2448
87,4,4,2379
74,3,4,2437
95,4,4,2693
273,4,4,2443
85,4,4,2255
1284,4,4,2434
1292,4,4,2442
729,4,4,2389
1031,4,4,2436
1284,4,4,2434
637,4,4,2297
1284,4,4,2434
142,4,4,2312
119,4,4,2289
98,4,4,2696
1256,4,4,2406
1065,4,4,2470
94,4,4,2692
1284,4,4,2434
1292,4,4,2442
1292,4,4,2442
1292,4,4,2442
1292,4,4,2442
1292,4,4,2442
420,4,4,2335
351,4,4,2694
269,4,4,2783
269,4,4,2783
269,4,4,2783
268,4,4,2782
268,4,4,2782
268,4,4,2782
88,4,4,2258
1284,4,4,2434
1292,4,4,2442
1292,4,4,2442
1292,4,4,2442
1292,4,4,2442
1292,4,4,2442
1292,4,4,2442
1292,4,4,2442
1292,4,4,2442
1292,4,4,2442
1292,4,4,2442
1292,4,4,2442
94,4,4,2692
610,4,4,2392
85,4,4,2377
594,4,4,2376
85,4,4,2377
1292,4,4,2442
597,4,4,2257
1284,4,4,2434
1292,4,4,2442
1292,4,4,2442
1292,4,4,2442
1292,4,4,2442
95,4,4,2693
103,4,4,2617
355,4,4,2698
1292,4,4,2442
1292,4,4,2442
1292,4,4,2442
1292,4,4,2442
1292,4,4,2442
1292,4,4,2442
1292,4,4,2442
1292,4,4,2442
1292,4,4,2442
1292,4,4,2442
1292,4,4,2442
94,4,4,2692
1292,4,4,2442
1292,4,4,2442
1292,4,4,2442
1292,4,4,2442
1292,4,4,2442
1292,4,4,2442
1292,4,4,2442
1292,4,4,2442
114,4,4,2284
592,4,4,2374
85,4,4,2377
1292,4,1,2302
1292,4,1,2303
95,4,4,2693
661,4,4,2749
101,4,4,2615
611,4,4,2393
571,4,4,2353
89,4,4,2381
85,4,4,2377
705,4,4,2365
85,4,4,2255
103,4,4,2617
99,4,4,2697
107,4,4,2621
86,3,4,2588
592,4,4,2374
85,4,4,2377
82,4,1,1910
1292,4,1,2100
1292,4,1,2100
1292,4,1,2100
1292,4,1,2304
95,4,4,2609
92,4,4,2262
95,4,4,2693
86,4,4,2378
1287,4,4,2437
270,4,4,2440
93,4,4,2385
86,3,4,2635
88,4,4,2258
74,3,4,2576
1414,4,4,2641
521,4,4,2768
1292,4,1,2100
1197,4,1,2005
81,4,1,2114
125,4,1,2159
115,4,1,2150
791,4,1,2062
99,4,4,2697
95,4,4,2609
70,4,1,2109
70,4,1,2110
70,4,1,2111
80,4,1,2122
80,4,1,2123
1292,4,4,2870
1292,4,4,2870
515,4,4,2858
175,4,4,2773
274,4,4,2444
85,4,4,2255
1292,4,4,2699
574,4,4,2491
99,4,4,2697
74,3,4,2623
74,3,4,2623
1005,4,1,2068
163,4,1,1991
96,4,1,1924
74,4,1,2111
108,4,1,1936
69,4,1,1897
126,4,1,1954
146,4,1,1974
102,4,1,1930
86,3,4,2336
86,3,4,2321
88,4,4,2258
1287,4,4,2437
1292,4,4,2442
1292,4,4,2442
1292,4,4,2442
1292,4,4,2442
1292,4,4,2442
1292,4,4,2442
1292,4,4,2442
1292,4,4,2442
1292,4,4,2442
1292,4,4,2442
1292,4,4,2442
1292,4,4,2442
1292,4,4,2442
1292,4,4,2442
1292,4,4,2442
1292,4,4,2442
1292,4,4,2442
99,4,4,2697
1292,4,4,2442
1292,4,4,2442
89,4,4,2381
1292,4,4,2442
1292,4,4,2442
1292,4,4,2442
94,4,4,2692
1292,4,4,2442
1292,4,4,2442
1292,4,4,2442
1292,4,4,2442
1292,4,4,2442
74,4,1,2112
1292,4,4,2442
1292,4,4,2442
1292,4,4,2442
94,4,4,2692
1292,4,4,2442
1292,4,4,2442
1292,4,4,2442
1292,4,4,2442
1292,4,4,2442
1294,4,4,2823
1294,4,4,2823
1294,4,4,2823
74,3,4,2576
1294,4,4,2823
1294,4,4,2823
74,3,4,2576
529,4,4,2823
74,3,4,2576
1292,4,4,2442
1292,4,4,2442
1292,4,4,2442
1292,4,4,2442
1292,4,4,2442
1292,4,4,2442
94,4,4,2692
1292,4,4,2442
1292,4,4,2442
1292,4,4,2442
1292,4,4,2442
1292,4,4,2442
1292,4,4,2442
1292,4,4,2442
1292,4,4,2442
94,4,4,2692
1292,4,4,2442
1292,4,4,2442
1292,4,4,2442
1292,4,4,2442
1292,4,4,2442
1292,4,4,2442
1292,4,4,2442
1292,4,4,2442
148,4,4,2650
1292,4,4,2442
1292,4,4,2442
1292,4,4,2442
1292,4,4,2442
1292,4,4,2442
1292,4,4,2442
1292,4,4,2442
1292,4,4,2442
94,4,4,2692
1292,4,4,2442
1292,4,4,2442
94,4,4,2521
1292,4,4,2442
1292,4,4,2442
1292,4,4,2442
1292,4,4,2442
95,4,4,2693
166,4,4,2668
1292,4,4,2442
1292,4,4,2442
1292,4,4,2442
1292,4,4,2442
1292,4,4,2442
1292,4,4,2442
1292,4,4,2442
1292,4,4,2442
1292,4,4,2442
995,4,4,2400
1414,4,4,2641
1414,4,4,2641
175,4,4,2677
1292,4,4,2442
1292,4,4,2442
1292,4,4,2442
1292,4,4,2442
95,4,4,2693
1292,4,4,2442
1292,4,4,2442
1292,4,4,2442
1292,4,4,2442
1292,4,4,2442
1292,4,4,2442
1292,4,4,2442
1292,4,4,2442
95,4,4,2693
1292,4,4,2442
1292,4,4,2442
1292,4,4,2442
1292,4,4,2442
1292,4,4,2442
1292,4,4,2442
1292,4,4,2442
1292,4,4,2442
1292,4,4,2442
95,4,4,2693
1292,4,4,2442
1292,4,4,2442
1292,4,4,2442
1292,4,4,2442
1292,4,4,2442
1292,4,4,2442
95,4,4,2693
1292,4,4,2442
1292,4,4,2442
1292,4,4,2442
1292,4,4,2442
1292,4,4,2442
1292,4,4,2442
1292,4,4,2442
1292,4,4,2442
1292,4,4,2442
1292,4,4,2442
1292,4,4,2442
86,3,4,2751
86,3,4,2510
374,4,1,1947
95,4,4,2693
74,3,4,2324
74,3,4,2309
63,4,1,1891
1414,4,4,2389
560,4,4,2555
1414,4,4,2374
518,4,4,2498
77,4,1,2116
101,4,4,2630
96,4,4,2694
654,4,4,2436
1292,4,4,2442
1292,4,4,2442
1292,4,4,2442
1292,4,4,2442
1292,4,4,2442
1292,4,4,2442
1292,4,4,2442
1292,4,4,2442
1292,4,4,2442
1292,4,4,2442
95,4,4,2693
1292,4,4,2442
1292,4,4,2442
1292,4,4,2442
96,4,4,2694
74,3,4,2415
98,4,4,2525
1292,4,4,2442
1292,4,4,2442
1292,4,4,2442
1292,4,4,2442
1292,4,4,2442
1292,4,4,2442
1292,4,4,2442
1292,4,4,2442
1292,4,4,2442
1292,4,4,2442
1292,4,4,2442
1292,4,4,2442
1292,4,4,2442
1292,4,4,2442
1292,4,4,2442
302,4,4,2594
1292,4,4,2442
1292,4,4,2442
1292,4,4,2442
1292,4,4,2442
1292,4,4,2442
95,4,4,2693
1292,4,4,2442
1292,4,4,2442
95,4,4,2693
1292,4,4,2442
1292,4,4,2442
1292,4,4,2442
1292,4,4,2442
1292,4,4,2442
1292,4,4,2442
1292,4,4,2442
1292,4,4,2442
895,4,4,2300
95,4,4,2693
1292,4,4,2442
1292,4,4,2442
1292,4,4,2442
1292,4,4,2442
1292,4,4,2442
1292,4,4,2442
74,3,4,2623
1292,4,4,2442
1292,4,4,2442
1292,4,4,2442
1292,4,4,2442
1292,4,4,2442
1292,4,4,2442
1030,4,4,2814
74,3,4,2576
95,4,4,2693
1292,4,4,2442
1292,4,4,2442
1292,4,4,2442
1292,4,4,2442
105,4,4,2607
1292,4,4,2442
1292,4,4,2442
1292,4,4,2442
1292,4,4,2442
95,4,4,2693
1292,4,4,2442
1292,4,4,2442
1292,4,4,2442
1292,4,4,2442
1292,4,4,2442
1292,4,4,2442
105,4,4,2654
86,3,4,2751
74,3,4,2739
74,3,4,2623
1292,4,4,2442
1292,4,4,2442
1292,4,4,2442
1292,4,4,2442
1292,4,4,2442
1292,4,4,2442
74,3,4,2498
74,3,4,2498
1292,4,4,2442
100,4,4,2698
1292,4,4,2442
1292,4,4,2442
1292,4,4,2442
1292,4,4,2442
1292,4,4,2442
1292,4,4,2442
95,4,4,2693
1292,4,4,2442
1292,4,4,2442
1292,4,4,2442
1292,4,4,2442
1292,4,4,2442
1292,4,4,2442
1292,4,4,2442
1292,4,4,2442
1292,4,4,2442
1292,4,4,2442
1292,4,4,2442
95,4,4,2693
1292,4,4,2442
1292,4,4,2442
1292,4,4,2442
1292,4,4,2442
94,4,4,2521
1292,4,4,2442
1292,4,4,2442
1292,4,4,2442
1292,4,4,2442
1292,4,4,2442
95,4,4,2693
1292,4,4,2442
1292,4,4,2442
1292,4,4,2442
1292,4,4,2442
1292,4,4,2442
1292,4,4,2442
1292,4,4,2442
1292,4,4,2442
1292,4,4,2442
1292,4,4,2442
95,4,4,2693
1292,4,4,2442
1292,4,4,2442
1292,4,4,2442
1292,4,4,2442
1292,4,4,2442
1292,4,4,2442
1292,4,4,2442
1292,4,4,2442
1292,4,4,2442
1292,4,4,2442
1292,4,4,2442
1292,4,4,2442
95,4,4,2693
1292,4,4,2442
1292,4,4,2442
1292,4,4,2442
1292,4,4,2442
1292,4,4,2442
1294,4,4,2698
1294,4,4,2698
66,4,1,1894
1294,4,4,2698
601,4,4,2515
74,3,4,2309
1294,4,4,2939
1294,4,4,2939
1294,4,4,2939
1294,4,4,2939
981,4,4,2881
74,3,4,2324
681,4,4,2720
74,3,4,2576
113,4,4,2615
148,4,4,2398
148,4,4,2383
166,4,4,2416
267,4,4,2517
166,4,4,2401
312,4,4,2292
96,4,4,2694
1292,4,4,2442
1292,4,4,2442
1292,4,4,2442
1292,4,4,2442
1292,4,4,2442
1292,4,4,2442
1292,4,4,2442
1292,4,4,2442
1292,4,4,2442
1292,4,4,2442
1292,4,4,2442
1292,4,4,2442
1292,4,4,2442
94,4,4,2692
1292,4,4,2442
1292,4,4,2442
1292,4,4,2442
1292,4,4,2442
1292,4,4,2442
74,3,4,2623
1292,4,4,2442
1292,4,4,2442
1292,4,4,2442
1292,4,4,2442
1292,4,4,2442
1292,4,4,2442
1292,4,4,2442
1292,4,4,2442
1292,4,4,2442
1292,4,4,2442
1292,4,4,2442
95,4,4,2693
1292,4,4,2442
95,4,4,2693
1292,4,4,2442
1292,4,4,2442
1292,4,4,2442
1292,4,4,2442
1292,4,4,2442
1292,4,4,2442
1292,4,4,2442
1292,4,4,2442
1292,4,4,2442
1292,4,4,2442
95,4,4,2693
1292,4,4,2442
1292,4,4,2442
1292,4,4,2442
1292,4,4,2442
1292,4,4,2442
1292,4,4,2442
1292,4,4,2442
1292,4,4,2442
1292,4,4,2442
1292,4,4,2442
1292,4,4,2442
1292,4,4,2442
95,4,4,2693
1292,4,4,2442
1292,4,4,2442
1292,4,4,2442
1292,4,4,2442
1292,4,4,2442
1292,4,4,2442
1292,4,4,2442
1292,4,4,2442
1292,4,4,2442
1292,4,4,2442
1292,4,4,2442
95,4,4,2693
1292,4,4,2442
1292,4,4,2442
1292,4,4,2442
1292,4,4,2442
1292,4,4,2442
1292,4,4,2442
1292,4,4,2442
95,4,4,2693
1292,4,4,2442
1292,4,4,2442
1292,4,4,2442
1292,4,4,2442
1292,4,4,2442
1292,4,4,2442
1292,4,4,2442
1292,4,4,2442
1292,4,4,2442
1292,4,4,2442
1292,4,4,2442
95,4,4,2693
1292,4,4,2442
1292,4,4,2442
86,4,4,2378
74,3,4,2623
1292,4,4,2442
1292,4,4,2442
1292,4,4,2442
95,4,4,2693
1292,4,4,2442
1292,4,4,2442
1292,4,4,2442
1024,4,4,2683
1292,4,4,2442
105,4,4,2340
1292,4,4,2442
1292,4,4,2442
1292,4,4,2442
1292,4,4,2442
1292,4,4,2442
95,4,4,2693
1292,4,4,2442
1292,4,4,2442
1292,4,4,2442
1292,4,4,2442
1292,4,4,2442
1292,4,4,2442
1292,4,4,2442
1292,4,4,2442
1292,4,4,2442
1292,4,4,2442
1292,4,4,2442
1292,4,4,2442
1292,4,4,2442
1292,4,4,2442
74,3,4,2739
1292,4,4,2442
95,4,4,2693
1292,4,4,2442
1292,4,4,2442
1292,4,4,2442
74,3,4,2739
74,3,4,2739
1292,4,4,2442
1292,4,4,2442
1292,4,4,2442
1292,4,4,2442
460,4,4,2375
74,3,4,2498
95,4,4,2693
105,4,4,2529
361,4,4,2530
74,3,4,2309
573,4,4,2487
105,4,4,2529
113,4,4,2537
74,3,4,2309
113,4,4,2348
96,4,4,2694
1021,4,4,2921
118,4,4,2783
74,3,4,2324
105,4,4,2355
74,3,4,2498
74,3,4,2498
894,4,4,2727
74,3,4,2739
153,4,4,2818
1414,4,4,2389
581,4,4,2321
894,4,4,2727
86,3,4,2751
74,3,4,2739
93,4,4,2263
298,4,4,2468
85,4,4,2255
336,4,4,2679
649,4,4,2737
1292,4,4,2870
289,4,4,2887
1210,4,4,2788
595,4,4,2683
267,4,4,2865
1294,4,4,2939
1294,4,4,2939
89,4,4,2259
94,4,4,2264
74,3,4,2324
1198,4,4,2843
94,4,4,2264
89,4,4,2259
1287,4,4,2437
1292,4,4,2442
1292,4,4,2442
1292,4,4,2442
1292,4,4,2442
1292,4,4,2442
1292,4,4,2442
1292,4,4,2442
1292,4,4,2442
99,4,4,2697
1292,4,4,2442
1292,4,4,2442
1292,4,4,2442
1287,4,4,2437
1292,4,4,2442
1292,4,4,2442
1292,4,4,2442
231,4,4,2401
1292,4,4,2442
1292,4,4,2442
1292,4,4,2442
1292,4,4,2442
1292,4,4,2442
1292,4,4,2442
99,4,4,2697
1292,4,4,2442
1292,4,4,2442
1292,4,4,2442
1292,4,4,2442
1292,4,4,2442
1292,4,4,2442
1292,4,4,2442
1292,4,4,2442
1292,4,4,2442
1292,4,4,2442
94,4,4,2692
1292,4,4,2442
1292,4,4,2442
1292,4,4,2442
1292,4,4,2442
1292,4,4,2442
1292,4,4,2442
1292,4,4,2442
1292,4,4,2442
1292,4,4,2442
1292,4,4,2442
1292,4,4,2442
1292,4,4,2442
94,4,4,2692
1292,4,4,2442
1292,4,4,2442
1292,4,4,2442
1292,4,4,2442
1292,4,4,2442
1292,4,4,2442
1292,4,4,2442
1292,4,4,2442
94,4,4,2692
169,4,4,2419
1292,4,4,2442
1292,4,4,2442
1292,4,4,2442
1292,4,4,2442
1292,4,4,2442
1292,4,4,2442
1292,4,4,2442
1292,4,4,2442
1292,4,4,2442
1292,4,4,2442
1292,4,4,2442
1292,4,4,2442
1292,4,4,2442
1292,4,4,2442
1292,4,4,2442
1292,4,4,2442
1292,4,4,2442
1292,4,4,2442
1292,4,4,2442
1292,4,4,2442
1292,4,4,2442
199,4,4,2369
94,4,4,2692
95,4,4,2693
197,4,4,2447
638,4,4,2378
274,4,4,2444
85,4,4,2255
1287,4,4,2437
1292,4,4,2442
1292,4,4,2442
1292,4,4,2442
102,4,4,2700
1292,4,4,2442
1292,4,4,2442
1292,4,4,2442
1292,4,4,2442
1292,4,4,2442
1292,4,4,2442
1292,4,4,2442
1292,4,4,2442
1292,4,4,2442
1292,4,4,2442
1292,4,4,2442
95,4,4,2693
1292,4,4,2442
1292,4,4,2442
1292,4,4,2442
1292,4,4,2442
1292,4,4,2442
1292,4,4,2442
1292,4,4,2442
1292,4,4,2442
1292,4,4,2442
95,4,4,2693
1292,4,4,2442
1292,4,4,2442
1292,4,4,2442
1292,4,4,2442
1292,4,4,2442
1292,4,4,2442
1292,4,4,2442
1292,4,4,2442
1292,4,4,2442
1292,4,4,2442
1292,4,4,2442
1292,4,4,2442
95,4,4,2693
1292,4,4,2442
1292,4,4,2442
561,4,4,2476
943,4,4,2348
89,4,4,2259
106,4,4,2276
100,4,4,2698
909,4,4,2742
1292,4,4,2870
313,4,4,2656
972,4,4,2805
667,4,4,2755
88,4,4,2258
74,3,4,2739
1285,4,4,2435
368,4,4,2283
89,4,4,2259
272,4,4,2442
100,4,4,2698
496,4,4,2839
602,4,4,2585
88,4,4,2258
102,4,4,2443
909,4,4,2742
1287,4,4,2437
1292,4,4,2442
1292,4,4,2442
1292,4,4,2442
1292,4,4,2442
1292,4,4,2442
1292,4,4,2442
1292,4,4,2442
1292,4,4,2442
1292,4,4,2442
1292,4,4,2442
99,4,4,2697
1292,4,4,2442
1292,4,4,2442
1292,4,4,2442
1292,4,4,2442
1292,4,4,2442
1292,4,4,2442
1292,4,4,2442
184,4,4,2849
257,4,4,2922
1287,4,4,2437
74,3,4,2324
1292,4,4,2442
1292,4,4,2442
99,4,4,2697
1292,4,4,2442
1292,4,4,2442
1292,4,4,2442
1292,4,4,2442
1292,4,4,2442
1292,4,4,2442
1292,4,4,2442
1292,4,4,2442
136,4,4,2386
1292,4,4,2442
1292,4,4,2442
94,4,4,2692
1292,4,4,2442
1287,4,4,2437
1292,4,4,2442
1292,4,4,2442
1292,4,4,2442
265,4,4,2435
1292,4,4,2442
1292,4,4,2442
1292,4,4,2442
1292,4,4,2442
1292,4,4,2442
1292,4,4,2442
1292,4,4,2442
1292,4,4,2442
1292,4,4,2442
1292,4,4,2442
1292,4,4,2442
1292,4,4,2442
1287,4,4,2437
99,4,4,2697
1292,4,4,2442
1292,4,4,2442
1292,4,4,2442
1292,4,4,2442
1292,4,4,2442
413,4,4,2328
1292,4,4,2442
1292,4,4,2442
1292,4,4,2442
1292,4,4,2442
1292,4,4,2442
1292,4,4,2442
1292,4,4,2442
99,4,4,2697
94,4,4,2692
1292,4,4,2442
1292,4,4,2442
1292,4,4,2442
1292,4,4,2442
1292,4,4,2442
1292,4,4,2442
1292,4,4,2442
1292,4,4,2442
1292,4,4,2442
1292,4,4,2442
1292,4,4,2442
1292,4,4,2442
95,4,4,2693
1292,4,4,2442
1292,4,4,2442
1292,4,4,2442
1292,4,4,2442
1292,4,4,2442
1292,4,4,2442
1292,4,4,2442
1292,4,4,2442
1292,4,4,2442
1292,4,4,2442
1292,4,4,2442
1292,4,4,2442
1292,4,4,2442
1292,4,4,2442
1292,4,4,2442
1292,4,4,2442
1292,4,4,2442
1292,4,4,2442
1292,4,4,2442
1292,4,4,2442
1292,4,4,2442
1292,4,4,2442
1292,4,4,2442
1292,4,4,2442
95,4,4,2693
95,4,4,2693
1292,4,4,2442
1292,4,4,2442
1292,4,4,2442
1292,4,4,2442
1292,4,4,2442
1194,4,4,2344
96,4,4,2266
206,4,4,2376
602,4,4,2585
1292,4,4,2442
1292,4,4,2442
568,4,4,2228
74,3,4,2603
95,4,4,2693
97,4,4,2590
101,4,4,2699
94,4,4,2587
89,4,4,2259
89,4,4,2259
89,4,4,2259
74,3,4,2739
90,4,4,2260
1041,4,4,2874
616,4,4,2704
389,4,4,2732
90,4,4,2260
278,4,4,2876
87,4,4,2257
87,4,4,2257
761,4,4,2654
84,4,4,2254
345,4,4,2688
95,4,4,2588
1292,4,4,2442
1292,4,4,2442
1292,4,4,2442
1292,4,4,2442
1292,4,4,2442
1292,4,4,2442
1292,4,4,2442
1292,4,4,2442
1292,4,4,2442
1292,4,4,2442
1292,4,4,2442
101,4,4,2699
1292,4,4,2442
236,4,4,2406
1292,4,4,2442
1292,4,4,2442
1292,4,4,2442
1292,4,4,2442
1292,4,4,2442
1292,4,4,2442
687,4,4,2347
95,4,4,2693
625,4,4,2713
274,4,4,2444
85,4,4,2255
100,4,4,2698
1287,4,4,2437
1292,4,4,2442
1292,4,4,2442
1292,4,4,2442
1292,4,4,2442
1182,4,4,2332
465,4,4,2808
90,4,4,2260
994,4,4,2399
274,4,4,2444
85,4,4,2255
94,4,4,2497
103,4,4,2701
619,4,4,2707
88,4,4,2258
1287,4,4,2437
1292,4,4,2442
1292,4,4,2442
1292,4,4,2442
1292,4,4,2442
1292,4,4,2442
1067,4,4,2472
101,4,4,2699
1294,4,4,2939
1294,4,4,2939
74,3,4,2324
509,4,4,2919
733,4,4,2393
1294,4,4,2939
285,4,4,2455
74,3,4,2324
1294,4,4,2939
97,4,4,2500
1294,4,4,2939
822,4,4,2722
74,3,4,2324
140,4,4,2390
803,4,4,2958
1294,4,4,2939
74,3,4,2324
1294,4,4,2939
74,3,4,2309
109,4,4,2359
1294,4,4,2939
74,3,4,2324
742,4,4,2897
74,3,4,2324
70,4,1,2114
70,4,1,2115
70,4,1,2116
811,4,4,2471
80,4,1,2127
80,4,1,2128
101,4,4,2699
1294,4,4,2939
74,3,4,2324
1294,4,4,2939
1294,4,4,2939
74,3,4,2324
1294,4,4,2939
1294,4,4,2939
74,3,4,2324
1294,4,4,2939
1294,4,4,2939
74,3,4,2324
1294,4,4,2939
74,3,4,2324
74,3,4,2498
1294,4,4,2939
74,3,4,2309
74,3,4,2324
1294,4,4,2939
74,3,4,2324
1294,4,4,2939
74,3,4,2324
1294,4,4,2939
74,3,4,2324
1294,4,4,2939
74,3,4,2324
1294,4,4,2939
74,3,4,2324
88,4,4,2258
1294,4,4,2939
1294,4,4,2939
74,3,4,2324
1294,4,4,2939
1294,4,4,2939
96,4,1,1924
108,4,1,1936
74,3,4,2324
126,4,1,1954
146,4,1,1974
102,4,1,1930
86,3,4,2648
1294,4,4,2939
1294,4,4,2939
74,3,4,2324
86,3,4,2433
74,3,4,2739
74,3,4,2739
1294,4,4,2939
196,4,4,2861
74,3,4,2324
1294,4,4,2939
86,4,4,2256
1294,4,4,2939
74,3,4,2324
1049,4,4,2949
74,3,4,2324
86,3,4,2672
86,3,4,2431
88,4,4,2258
74,3,4,2636
74,3,4,2421
94,4,4,2692
1414,4,4,2486
486,4,4,2578
1414,4,4,2701
496,4,4,2803
89,4,4,2259
74,3,4,2419
74,3,4,2419
86,3,4,2672
74,3,4,2660
1294,4,4,2619
1294,4,4,2619
1294,4,4,2619
601,4,4,2436
1294,4,4,2860
74,3,4,2421
1294,4,4,2860
1294,4,4,2860
74,3,4,2636
1294,4,4,2860
981,4,4,2802
74,3,4,2636
148,4,4,2710
166,4,4,2728
267,4,4,2829
148,4,4,2495
166,4,4,2513
312,4,4,2404
74,3,4,2660
1024,4,4,2604
105,4,4,2450
360,4,4,2450
74,3,4,2421
573,4,4,2408
105,4,4,2450
113,4,4,2458
1021,4,4,2842
118,4,4,2704
74,3,4,2421
74,3,4,2636
105,4,4,2452
113,4,4,2460
105,4,4,2667
153,4,4,2739
1414,4,4,2701
485,4,4,2792
74,3,4,2419
74,3,4,2660
86,3,4,2672
74,3,4,2660
1294,4,4,2860
1294,4,4,2860
74,3,4,2636
1199,4,4,2765
169,4,4,2731
197,4,4,2759
648,4,4,2700
74,3,4,2660
74,3,4,2660
263,4,4,2849
169,4,4,2755
74,3,4,2636
136,4,4,2698
74,3,4,2660
1294,4,4,2860
1294,4,4,2860
1294,4,4,2860
74,3,4,2636
1073,4,4,2894
1294,4,4,2860
74,3,4,2636
307,4,4,2893
1294,4,4,2860
74,3,4,2636
1186,4,4,2752
74,3,4,2636
1294,4,4,2860
1294,4,4,2860
74,3,4,2636
509,4,4,2840
1294,4,4,2860
74,3,4,2636
1294,4,4,2860
1294,4,4,2860
74,3,4,2636
1294,4,4,2860
1294,4,4,2860
74,3,4,2636
1294,4,4,2860
1294,4,4,2860
74,3,4,2636
1294,4,4,2860
1294,4,4,2860
74,3,4,2636
140,4,4,2702
74,3,4,2324
74,3,4,2421
109,4,4,2671
1294,4,4,2860
1294,4,4,2860
74,3,4,2636
1294,4,4,2860
1294,4,4,2860
74,3,4,2419
74,3,4,2421
74,3,4,2636
1294,4,4,2860
1294,4,4,2860
74,3,4,2739
74,3,4,2636
1294,4,4,2860
1294,4,4,2860
74,3,4,2636
74,3,4,2660
74,3,4,2660
1294,4,4,2860
1294,4,4,2860
74,3,4,2636
1294,4,4,2860
1294,4,4,2860
74,3,4,2636
74,3,4,2739
74,3,4,2324
1294,4,4,2860
1294,4,4,2860
74,3,4,2636
1294,4,4,2860
1294,4,4,2860
74,3,4,2636
1294,4,4,2860
1294,4,4,2860
74,3,4,2636
1294,4,4,2860
1294,4,4,2860
74,3,4,2636
1294,4,4,2860
1294,4,4,2860
74,3,4,2636
1294,4,4,2860
1294,4,4,2860
74,3,4,2636
1294,4,4,2860
720,4,4,2796
74,3,4,2636
273,4,4,2715
273,4,4,2715
273,4,4,2715
496,4,4,2839
283,4,4,2881
95,4,4,2265
95,4,4,2265
660,4,4,2442
85,4,4,2377
593,4,4,2375
85,4,4,2377
95,4,4,2693
103,4,4,2545
297,4,4,2467
85,4,4,2255
274,4,4,2444
85,4,4,2255
103,4,4,2701
571,4,4,2353
85,4,4,2377
66,3,1,2278
101,4,4,2543
87,4,4,2379
66,3,1,1894
54,3,1,2267
1386,4,1,2325
585,4,1,2290
88,4,4,2258
272,4,4,2870
316,4,4,2659
87,4,4,2379
821,4,4,2909
66,3,1,2282
1041,4,4,2874
70,4,1,2119
70,4,1,2120
70,4,1,2121
325,4,4,2668
275,4,4,2717
275,4,4,2717
276,4,4,2718
94,4,4,2264
95,4,4,2693
54,3,1,1882
1366,4,1,1919
1366,4,1,1919
54,3,1,2271
920,4,1,1983
118,4,1,2336
146,4,1,2365
772,4,1,2482
102,4,1,1930
126,4,1,1954
146,4,1,1974
1292,4,4,2640
1292,4,4,2640
86,3,4,2375
66,3,1,1894
54,3,1,2275
1386,4,1,2333
553,4,1,2266
295,4,4,2465
85,4,4,2255
610,4,4,2392
85,4,4,2377
594,4,4,2376
85,4,4,2377
101,4,4,2699
103,4,4,2545
273,4,4,2443
85,4,4,2255
571,4,4,2353
85,4,4,2377
102,4,4,2272
275,4,4,2445
86,3,4,2542
85,4,4,2255
74,3,4,2363
1414,4,4,2428
936,4,4,2460
275,4,4,2445
85,4,4,2255
66,3,1,2007
1292,4,4,2442
1292,4,4,2442
1292,4,4,2442
1292,4,4,2867
105,4,4,2703
133,4,1,1961
133,4,1,1961
54,3,1,2278
118,4,1,1946
101,4,4,2543
85,4,1,2310
54,3,1,1882
1366,4,1,1919
1366,4,1,1919
920,4,1,1983
54,3,1,2280
118,4,1,2345
1292,4,4,2442
1253,4,4,2403
102,4,4,2697
225,4,4,2820
318,4,4,2658
273,4,4,2868
274,4,4,2869
1287,4,4,2437
266,4,4,2436
170,4,4,2340
74,3,4,2530
88,4,4,2258
86,4,4,2378
74,3,4,2530
100,4,4,2698
88,4,4,2258
66,3,1,1894
54,3,1,1996
1386,4,1,2054
485,4,1,2174
133,4,1,1961
133,4,1,1961
54,3,1,2282
1294,4,4,2730
313,4,4,2514
74,3,4,2363
148,4,4,2437
997,4,4,2402
183,4,4,2353
93,4,4,2688
89,4,4,2259
90,4,4,2260
762,4,4,2422
84,4,4,2254
591,4,4,2251
84,4,4,2254
591,4,4,2251
93,4,4,2688
97,4,4,2692
97,4,4,2692
84,4,4,2254
97,4,4,2692
86,3,4,2536
88,4,4,2258
54,3,1,1882
1024,4,4,2715
86,3,4,2591
85,4,4,2255
74,3,4,2524
1414,4,4,2589
555,4,4,2750
54,3,1,1882
54,3,1,1882
181,4,1,2009
60,4,1,1888
86,4,1,1914
1366,4,1,1919
54,3,1,1999
1366,4,1,1919
1366,4,1,1919
54,3,1,2000
1366,4,1,1919
845,4,1,1908
54,3,1,2001
340,4,1,1913
112,4,1,1940
54,3,1,2002
118,4,1,2067
1386,4,1,2061
1386,4,1,2062
657,4,1,2099
86,4,4,2256
74,3,4,2363
1414,4,4,2589
74,3,4,2579
1414,4,4,2644
1414,4,4,2644
1414,4,4,2644
74,3,4,2524
1179,4,4,2664
74,3,4,2524
138,4,4,2588
166,4,4,2616
338,4,4,2533
355,4,4,2550
54,3,1,1882
54,3,1,1882
514,4,1,2087
1288,4,4,2619
1292,4,4,2623
543,4,4,2639
136,4,4,2487
86,3,4,2591
74,3,4,2579
74,3,4,2579
74,3,4,2579
139,4,4,2644
105,4,4,2555
74,3,4,2579
54,3,1,2007
87,4,4,2379
87,4,4,2379
136,4,4,2487
92,4,4,2384
74,3,4,2579
368,4,4,2618
1366,4,1,1919
1366,4,1,1919
1366,4,1,1919
54,3,1,2283
1366,4,1,1919
1366,4,1,1919
1366,4,1,1919
1366,4,1,1919
1366,4,1,1919
54,3,1,2284
1366,4,1,1919
1366,4,1,1919
54,3,1,2285
94,4,4,2445
74,3,4,2524
84,4,4,2376
95,4,4,2446
102,4,4,2453
70,4,1,2122
70,4,1,2123
70,4,1,2124
89,4,4,2381
1366,4,1,1919
1366,4,1,1919
54,3,1,2286
1366,4,1,1919
1366,4,1,1919
1366,4,1,1919
1366,4,1,1919
54,3,1,2287
1366,4,1,1919
1366,4,1,1919
54,3,1,2288
1366,4,1,1919
1366,4,1,1919
54,3,1,2289
1366,4,1,1919
1288,4,4,2560
1288,4,4,2560
1366,4,1,1919
54,3,1,2290
95,4,4,2446
105,4,4,2514
1292,4,4,2564
95,4,4,2446
1366,4,1,1919
1292,4,4,2564
1366,4,1,1919
54,3,1,2291
95,4,4,2446
1292,4,4,2564
1366,4,1,1919
1292,4,4,2564
1366,4,1,1919
54,3,1,2292
1292,4,4,2564
95,4,4,2446
1273,4,4,2545
1287,4,4,2559
1292,4,4,2564
1292,4,4,2564
1292,4,4,2564
1292,4,4,2564
1366,4,1,1919
1366,4,1,1919
95,4,4,2446
54,3,1,2293
95,4,4,2446
95,4,4,2446
1292,4,4,2564
1292,4,4,2564
206,4,4,2498
1366,4,1,1919
1366,4,1,1919
54,3,1,2294
95,4,4,2446
95,4,4,2446
276,4,4,2718
278,4,4,2720
279,4,4,2721
582,4,4,2670
279,4,4,2721
379,4,4,2722
279,4,4,2721
279,4,4,2721
93,4,4,2385
94,4,4,2445
1366,4,1,1919
1366,4,1,1919
54,3,1,2295
1366,4,1,1919
572,4,1,1890
146,4,1,1974
54,3,1,2296
663,4,4,2445
597,4,4,2379
126,4,1,1954
102,4,1,1930
86,4,4,2378
86,4,4,2378
598,4,4,2380
598,4,4,2380
86,4,4,2378
86,4,4,2378
1292,4,4,2621
1292,4,4,2621
141,4,4,2490
615,4,4,2397
86,4,4,2378
600,4,4,2382
324,4,4,2418
279,4,4,2628
280,4,4,2629
86,4,4,2378
96,4,4,2266
108,4,4,2550
66,3,1,1943
74,3,4,2598
66,3,1,1944
66,3,1,1945
66,3,1,1946
66,3,1,1947
66,3,1,1948
86,3,4,2394
86,3,4,2427
294,4,4,2736
280,4,4,2722
280,4,4,2722
279,4,4,2721
279,4,4,2721
279,4,4,2721
95,4,4,2693
102,4,4,2544
301,4,4,2471
85,4,4,2255
66,3,1,1894
102,4,4,2394
66,3,1,1894
54,3,1,1937
54,3,1,1938
66,3,1,1894
66,3,1,1894
66,3,1,1894
66,3,1,1894
277,4,4,2447
85,4,4,2255
86,3,4,2585
86,3,4,2612
1292,4,4,2564
629,4,4,2411
600,4,4,2382
600,4,4,2382
86,4,4,2378
86,4,4,2378
86,4,4,2378
54,3,1,1939
54,3,1,1940
54,3,1,1941
54,3,1,1942
74,3,4,2415
74,3,4,2382
600,4,4,2382
600,4,4,2382
86,4,4,2378
86,4,4,2378
599,4,4,2381
86,4,4,2378
1292,4,4,2564
367,4,4,2404
987,4,4,2514
94,4,4,2386
86,4,4,2378
1386,4,1,2000
551,4,1,1931
1386,4,1,2002
519,4,1,2156
1386,4,1,2004
455,4,1,2094
1386,4,1,2006
455,4,1,2096
1386,4,1,2008
551,4,1,1939
1386,4,1,2010
455,4,1,2100
1414,4,4,2447
569,4,4,2367
1414,4,4,2480
569,4,4,2400
140,4,4,2489
93,4,4,2442
112,4,4,2554
103,4,4,2701
102,4,4,2544
94,4,4,2443
301,4,4,2471
96,4,4,2694
622,4,4,2404
96,4,4,2538
54,3,1,1882
89,4,4,2381
54,3,1,1882
1366,4,1,1919
1366,4,1,1919
54,3,1,1955
1366,4,1,1919
1366,4,1,1919
639,4,1,1957
54,3,1,1956
54,3,1,1882
54,3,1,1882
118,4,1,2021
146,4,1,2050
54,3,1,1959
54,3,1,1960
54,3,1,1961
54,3,1,1962
54,3,1,1963
480,4,1,2135
144,4,1,2055
131,4,1,2043
130,4,1,2043
141,4,1,2055
135,4,1,2050
1366,4,1,1919
54,3,1,1970
1366,4,1,1919
1366,4,1,1919
1366,4,1,1919
639,4,1,1957
54,3,1,1882
54,3,1,1882
1366,4,1,1919
1366,4,1,1919
54,3,1,1971
1366,4,1,1919
1366,4,1,1919
639,4,1,1957
54,3,1,1882
54,3,1,1882
54,3,1,1882
1366,4,1,1919
1366,4,1,1919
54,3,1,1972
1366,4,1,1919
1366,4,1,1919
639,4,1,1957
570,4,4,2352
85,4,4,2377
54,3,1,1882
54,3,1,1882
1366,4,1,1919
1366,4,1,1919
93,4,4,2442
54,3,1,1973
1366,4,1,1919
1366,4,1,1919
74,3,4,2600
639,4,1,1957
54,3,1,1882
1366,4,1,1919
54,3,1,1974
1366,4,1,1919
1366,4,1,1919
74,3,4,2600
1366,4,1,1919
1414,4,4,2665
639,4,1,1957
1414,4,4,2665
1414,4,4,2665
387,4,4,2658
74,3,4,2382
138,4,4,2446
166,4,4,2474
74,3,4,2415
74,3,4,2573
534,4,4,2587
217,4,4,2525
89,4,4,2381
89,4,4,2381
183,4,4,2475
1292,4,4,2564
87,4,4,2379
1414,4,4,2638
74,3,4,2415
99,4,4,2448
1292,4,4,2611
1292,4,4,2611
1414,4,4,2638
1414,4,4,2638
387,4,4,2631
74,3,4,2520
74,3,4,2466
88,4,4,2258
94,4,4,2443
74,3,4,2573
98,4,4,2597
74,3,4,2573
54,3,1,1882
54,3,1,1882
54,3,1,1882
54,3,1,1882
119,4,1,1947
54,3,1,1882
54,3,1,1882
452,4,1,2025
54,3,1,1975
1366,4,1,1919
1366,4,1,1919
54,3,1,1976
85,4,1,2008
1366,4,1,1919
1366,4,1,1919
54,3,1,1882
54,3,1,1978
54,3,1,1882
1366,4,1,1919
1366,4,1,1919
54,3,1,1979
74,3,4,2600
74,3,4,2600
139,4,4,2665
74,3,4,2600
74,3,4,2600
1366,4,1,1919
1366,4,1,1919
54,3,1,1980
87,4,4,2379
403,4,4,2674
74,3,4,2382
105,4,4,2413
54,3,1,1882
54,3,1,1882
54,3,1,1882
54,3,1,1882
102,4,4,2272
1366,4,1,1919
1292,4,4,2442
1366,4,1,1919
1292,4,4,2442
54,3,1,1981
1292,4,4,2442
1366,4,1,1919
1292,4,4,2611
1366,4,1,1919
54,3,1,1982
1366,4,1,1919
1366,4,1,1919
54,3,1,1983
130,4,1,2060
194,4,1,2125
129,4,1,2061
131,4,1,2064
1366,4,1,1919
1366,4,1,1919
54,3,1,1988
1366,4,1,1919
1366,4,1,1919
54,3,1,1989
142,4,1,2078
1366,4,1,1919
1366,4,1,1919
54,3,1,1991
1366,4,1,1919
1366,4,1,1919
54,3,1,1992
1366,4,1,1919
1366,4,1,1919
54,3,1,1993
1292,4,4,2442
1292,4,4,2442
195,4,4,2365
1366,4,1,1919
1366,4,1,1919
54,3,1,1994
101,4,4,2440
226,4,4,2565
842,4,4,2416
1366,4,1,1919
1366,4,1,1919
54,3,1,1995
1366,4,1,1919
1366,4,1,1919
54,3,1,1996
1366,4,1,1919
1366,4,1,1919
1366,4,1,1919
1366,4,1,1919
74,3,4,2600
54,3,1,1882
1366,4,1,1919
1366,4,1,1919
54,3,1,1997
1366,4,1,1919
1366,4,1,1919
54,3,1,1998
1180,4,1,1988
1366,4,1,1919
54,3,1,1999
1366,4,1,1919
1366,4,1,1919
54,3,1,2000
1366,4,1,1919
54,3,1,1882
54,3,1,1882
54,3,1,1882
54,3,1,1882
54,3,1,1882
1366,4,1,1919
54,3,1,2001
1366,4,1,1919
1366,4,1,1919
54,3,1,2002
1366,4,1,1919
1366,4,1,1919
54,3,1,2003
1366,4,1,1919
1366,4,1,1919
54,3,1,2004
1366,4,1,1919
1366,4,1,1919
54,3,1,2005
1366,4,1,1919
1366,4,1,1919
54,3,1,2006
1366,4,1,1919
1366,4,1,1919
54,3,1,2007
1366,4,1,1919
1366,4,1,1919
1366,4,1,1919
54,3,1,2008
1366,4,1,1919
1366,4,1,1919
1366,4,1,1919
1366,4,1,1919
54,3,1,2009
1366,4,1,1919
1366,4,1,1919
1366,4,1,1919
54,3,1,2010
1366,4,1,1919
1366,4,1,1919
54,3,1,2011
1366,4,1,1919
1366,4,1,1919
54,3,1,2012
1366,4,1,1919
54,3,1,2013
216,4,4,2555
1366,4,1,1919
1366,4,1,1919
1366,4,1,1919
54,3,1,2014
1366,4,1,1919
1366,4,1,1919
54,3,1,2015
1366,4,1,1919
1366,4,1,1919
54,3,1,2016
1366,4,1,1919
1030,4,4,2435
54,3,1,2017
183,4,4,2353
1366,4,1,1919
1366,4,1,1919
54,3,1,2018
93,4,4,2432
1366,4,1,1919
1366,4,1,1919
54,3,1,2019
1366,4,1,1919
1366,4,1,1919
54,3,1,2020
1366,4,1,1919
1366,4,1,1919
54,3,1,2021
1366,4,1,1919
1366,4,1,1919
1366,4,1,1919
1366,4,1,1919
1366,4,1,1919
1366,4,1,1919
1366,4,1,1919
1366,4,1,1919
54,3,1,2022
1366,4,1,1919
1366,4,1,1919
1366,4,1,1919
54,3,1,2023
1366,4,1,1919
1366,4,1,1919
54,3,1,2024
1366,4,1,1919
1366,4,1,1919
54,3,1,2025
1366,4,1,1919
1366,4,1,1919
54,3,1,2026
1366,4,1,1919
1366,4,1,1919
54,3,1,2027
1366,4,1,1919
1366,4,1,1919
54,3,1,2028
89,4,4,2259
1366,4,1,1919
1366,4,1,1919
54,3,1,2029
1366,4,1,1919
1366,4,1,1919
54,3,1,2030
1366,4,1,1919
1366,4,1,1919
54,3,1,2031
1366,4,1,1919
1366,4,1,1919
54,3,1,2032
1366,4,1,1919
54,3,1,2033
1366,4,1,1919
1366,4,1,1919
54,3,1,2034
1366,4,1,1919
1366,4,1,1919
1366,4,1,1919
1366,4,1,1919
1366,4,1,1919
54,3,1,2035
1366,4,1,1919
1366,4,1,1919
54,3,1,2036
1366,4,1,1919
1366,4,1,1919
54,3,1,2037
1366,4,1,1919
1366,4,1,1919
54,3,1,2038
1366,4,1,1919
1366,4,1,1919
54,3,1,2039
1366,4,1,1919
1366,4,1,1919
54,3,1,2040
1366,4,1,1919
1366,4,1,1919
54,3,1,2041
1366,4,1,1919
1366,4,1,1919
54,3,1,2042
1366,4,1,1919
1366,4,1,1919
54,3,1,2043
1366,4,1,1919
1366,4,1,1919
54,3,1,2044
1366,4,1,1919
1366,4,1,1919
54,3,1,2045
1366,4,1,1919
1366,4,1,1919
54,3,1,2046
1366,4,1,1919
1366,4,1,1919
54,3,1,2047
1366,4,1,1919
1366,4,1,1919
1366,4,1,1919
1366,4,1,1919
54,3,1,2048
1366,4,1,1919
1366,4,1,1919
1366,4,1,1919
1366,4,1,1919
1366,4,1,1919
1366,4,1,1919
1366,4,1,1919
1366,4,1,1919
1366,4,1,1919
1366,4,1,1919
54,3,1,2049
1366,4,1,1919
54,3,1,2050
296,4,4,2466
1366,4,1,1919
84,4,4,2254
1366,4,1,1919
94,4,4,2433
54,3,1,2051
1366,4,1,1919
1366,4,1,1919
947,4,1,2010
54,3,1,2052
97,4,4,2436
87,4,4,2257
87,4,4,2257
1414,4,4,2665
737,4,4,2753
74,3,4,2382
122,4,4,2564
122,4,4,2564
122,4,4,2564
143,4,1,2142
166,4,1,2166
863,4,1,2341
616,4,4,2398
86,4,4,2378
620,4,4,2402
86,4,4,2378
54,3,1,1882
54,3,1,1882
1366,4,1,1919
1366,4,1,1919
1366,4,1,1919
105,4,4,2547
54,3,1,2055
1366,4,1,1919
1366,4,1,1919
1185,4,1,1993
54,3,1,2056
1366,4,1,1919
1366,4,1,1919
1366,4,1,1919
54,3,1,2057
1366,4,1,1919
54,3,1,2058
107,4,4,2549
1366,4,1,1919
640,4,1,1958
54,3,1,2059
74,3,4,2466
86,3,4,2460
176,4,1,2420
273,4,4,2715
273,4,4,2715
273,4,4,2715
144,4,1,2150
159,4,1,2166
158,4,1,2166
195,4,1,2204
54,3,1,1882
193,4,1,2203
194,4,1,2205
188,4,1,2200
194,4,1,2207
132,4,1,2146
74,3,4,2520
86,3,4,2569
74,3,4,2448
137,4,1,2152
195,4,1,2211
141,4,1,2158
1414,4,4,2513
507,4,4,2626
93,4,4,2385
95,4,4,2537
54,3,1,1882
54,3,1,1882
54,3,1,1882
54,3,1,1882
1366,4,1,1919
671,4,4,2453
1366,4,1,1919
1366,4,1,1919
1366,4,1,1919
1366,4,1,1919
1366,4,1,1919
86,4,4,2378
1366,4,1,1919
601,4,4,2383
54,3,1,2072
1366,4,1,1919
86,4,4,2378
54,3,1,2073
1366,4,1,1919
1366,4,1,1919
1366,4,1,1919
1366,4,1,1919
1366,4,1,1919
54,3,1,2074
1366,4,1,1919
1366,4,1,1919
1366,4,1,1919
1366,4,1,1919
1366,4,1,1919
1366,4,1,1919
1366,4,1,1919
1366,4,1,1919
1366,4,1,1919
1366,4,1,1919
1366,4,1,1919
54,3,1,2075
1366,4,1,1919
1366,4,1,1919
54,3,1,2076
1366,4,1,1919
1366,4,1,1919
1366,4,1,1919
1366,4,1,1919
86,3,4,2569
74,3,4,2557
1366,4,1,1919
1366,4,1,1919
54,3,1,2077
54,3,1,1882
1366,4,1,1919
1366,4,1,1919
54,3,1,2078
54,3,1,1882
54,3,1,1882
54,3,1,1882
1366,4,1,1919
1366,4,1,1919
1366,4,1,1919
54,3,1,2079
1366,4,1,1919
54,3,1,2080
1366,4,1,1919
1366,4,1,1919
54,3,1,2081
105,4,4,2547
1366,4,1,1919
1366,4,1,1919
1366,4,1,1919
54,3,1,2082
1366,4,1,1919
1366,4,1,1919
54,3,1,2083
1366,4,1,1919
1366,4,1,1919
54,3,1,2084
175,4,1,2420
1366,4,1,1919
1366,4,1,1919
1366,4,1,1919
1366,4,1,1919
1366,4,1,1919
1366,4,1,1919
54,3,1,2085
1366,4,1,1919
54,3,1,2086
1366,4,1,1919
1366,4,1,1919
54,3,1,2087
1366,4,1,1919
1366,4,1,1919
1366,4,1,1919
54,3,1,2088
1366,4,1,1919
1366,4,1,1919
54,3,1,2089
1366,4,1,1919
54,3,1,2090
1366,4,1,1919
1366,4,1,1919
54,3,1,2091
1366,4,1,1919
1366,4,1,1919
1366,4,1,1919
54,3,1,2092
1366,4,1,1919
54,3,1,2093
1366,4,1,1919
1366,4,1,1919
54,3,1,2094
1366,4,1,1919
1366,4,1,1919
54,3,1,2095
1366,4,1,1919
1366,4,1,1919
54,3,1,2096
1366,4,1,1919
1366,4,1,1919
1366,4,1,1919
54,3,1,2097
1366,4,1,1919
1366,4,1,1919
54,3,1,2098
1366,4,1,1919
1366,4,1,1919
54,3,1,2099
599,4,4,2381
1366,4,1,1919
86,4,4,2378
1366,4,1,1919
54,3,1,2100
1366,4,1,1919
1366,4,1,1919
1366,4,1,1919
1366,4,1,1919
1366,4,1,1919
1366,4,1,1919
1366,4,1,1919
54,3,1,2101
1366,4,1,1919
1366,4,1,1919
1366,4,1,1919
54,3,1,2102
66,3,1,2096
1366,4,1,1919
54,3,1,2103
1366,4,1,1919
1366,4,1,1919
54,3,1,2104
1366,4,1,1919
1366,4,1,1919
54,3,1,2105
1366,4,1,1919
1294,4,4,2757
1366,4,1,1919
1294,4,4,2757
1366,4,1,1919
1294,4,4,2757
54,3,1,2106
74,3,4,2448
874,4,4,2592
74,3,4,2448
1366,4,1,1919
1366,4,1,1919
54,3,1,2107
148,4,4,2522
1366,4,1,1919
1366,4,1,1919
54,3,1,2108
1366,4,1,1919
1366,4,1,1919
54,3,1,2109
1366,4,1,1919
54,3,1,2110
102,4,4,2544
166,4,4,2540
611,4,4,2475
1366,4,1,1919
1366,4,1,1919
54,3,1,2111
1366,4,1,1919
1366,4,1,1919
54,3,1,2112
1366,4,1,1919
1366,4,1,1919
54,3,1,2113
1366,4,1,1919
1366,4,1,1919
54,3,1,2114
1366,4,1,1919
1366,4,1,1919
1366,4,1,1919
54,3,1,2115
1366,4,1,1919
54,3,1,2116
1366,4,1,1919
1366,4,1,1919
1366,4,1,1919
54,3,1,2117
1366,4,1,1919
1366,4,1,1919
54,3,1,2118
1366,4,1,1919
1366,4,1,1919
54,3,1,2119
1366,4,1,1919
54,3,1,2120
1366,4,1,1919
1366,4,1,1919
1366,4,1,1919
54,3,1,2121
1366,4,1,1919
54,3,1,2122
1366,4,1,1919
1366,4,1,1919
54,3,1,2123
1366,4,1,1919
1366,4,1,1919
54,3,1,2124
1366,4,1,1919
1366,4,1,1919
1366,4,1,1919
54,3,1,2125
1366,4,1,1919
54,3,1,2126
1366,4,1,1919
1366,4,1,1919
54,3,1,2127
1366,4,1,1919
1366,4,1,1919
1366,4,1,1919
54,3,1,2128
1366,4,1,1919
1366,4,1,1919
54,3,1,2129
1366,4,1,1919
1366,4,1,1919
54,3,1,2130
1366,4,1,1919
1366,4,1,1919
54,3,1,2131
1366,4,1,1919
54,3,1,2132
1366,4,1,1919
1366,4,1,1919
54,3,1,2133
1366,4,1,1919
1366,4,1,1919
1366,4,1,1919
54,3,1,2134
1366,4,1,1919
54,3,1,2135
1366,4,1,1919
1366,4,1,1919
54,3,1,2136
1366,4,1,1919
1366,4,1,1919
54,3,1,2137
1366,4,1,1919
1366,4,1,1919
54,3,1,2138
1366,4,1,1919
1366,4,1,1919
1366,4,1,1919
54,3,1,2139
1366,4,1,1919
1366,4,1,1919
54,3,1,2140
1366,4,1,1919
54,3,1,2141
1366,4,1,1919
1366,4,1,1919
1366,4,1,1919
1366,4,1,1919
1366,4,1,1919
54,3,1,2142
1366,4,1,1919
54,3,1,2143
1366,4,1,1919
1366,4,1,1919
54,3,1,2144
1366,4,1,1919
1366,4,1,1919
54,3,1,2145
1366,4,1,1919
1366,4,1,1919
54,3,1,1891
1366,4,1,1919
1366,4,1,1919
54,3,1,1892
1366,4,1,1919
1366,4,1,1919
1366,4,1,1919
54,3,1,1893
1366,4,1,1919
54,3,1,1894
1366,4,1,1919
1366,4,1,1919
54,3,1,1895
1366,4,1,1919
1366,4,1,1919
1366,4,1,1919
54,3,1,1896
1366,4,1,1919
54,3,1,1897
1366,4,1,1919
1366,4,1,1919
54,3,1,1898
1366,4,1,1919
1366,4,1,1919
54,3,1,1899
1366,4,1,1919
1366,4,1,1919
1366,4,1,1919
54,3,1,1900
1366,4,1,1919
1366,4,1,1919
54,3,1,1901
1366,4,1,1919
88,4,4,2380
1366,4,1,1919
54,3,1,1902
1366,4,1,1919
1366,4,1,1919
54,3,1,1903
1366,4,1,1919
1366,4,1,1919
1366,4,1,1919
1366,4,1,1919
1366,4,1,1919
54,3,1,1904
1366,4,1,1919
1366,4,1,1919
1366,4,1,1919
54,3,1,1905
1366,4,1,1919
1366,4,1,1919
54,3,1,1906
1366,4,1,1919
1366,4,1,1919
54,3,1,1882
54,3,1,1907
1366,4,1,1919
54,3,1,1908
1366,4,1,1919
1366,4,1,1919
54,3,1,1909
1366,4,1,1919
1366,4,1,1919
54,3,1,1910
1366,4,1,1919
1366,4,1,1919
1366,4,1,1919
54,3,1,1911
1366,4,1,1919
54,3,1,1912
1366,4,1,1919
1366,4,1,1919
1366,4,1,1919
54,3,1,1913
1366,4,1,1919
1366,4,1,1919
54,3,1,1914
1366,4,1,1919
1366,4,1,1919
54,3,1,1915
1366,4,1,1919
54,3,1,1916
1366,4,1,1919
1366,4,1,1919
54,3,1,1917
1366,4,1,1919
1366,4,1,1919
54,3,1,1918
1366,4,1,1919
1366,4,1,1919
1366,4,1,1919
1366,4,1,1919
54,3,1,1919
1366,4,1,1919
1366,4,1,1919
54,3,1,1920
1366,4,1,1919
1366,4,1,1919
1366,4,1,1919
54,3,1,1921
1366,4,1,1919
1366,4,1,1919
54,3,1,1922
1366,4,1,1919
54,3,1,1923
1366,4,1,1919
1366,4,1,1919
1366,4,1,1919
54,3,1,1924
1366,4,1,1919
1366,4,1,1919
54,3,1,1925
1366,4,1,1919
1366,4,1,1919
54,3,1,1926
1366,4,1,1919
54,3,1,1927
1366,4,1,1919
1366,4,1,1919
54,3,1,1928
1366,4,1,1919
1366,4,1,1919
54,3,1,1929
1366,4,1,1919
1066,4,4,2784
105,4,4,2588
74,3,4,2448
1366,4,1,1919
1366,4,1,1919
54,3,1,1930
105,4,4,2479
1366,4,1,1919
1366,4,1,1919
54,3,1,1931
1366,4,1,1919
1366,4,1,1919
54,3,1,1932
1366,4,1,1919
1366,4,1,1919
54,3,1,1933
1366,4,1,1919
1366,4,1,1919
54,3,1,1934
1366,4,1,1919
1366,4,1,1919
1366,4,1,1919
54,3,1,1935
1366,4,1,1919
1366,4,1,1919
1366,4,1,1919
54,3,1,1936
1366,4,1,1919
1366,4,1,1919
54,3,1,1937
1366,4,1,1919
1366,4,1,1919
54,3,1,1938
1366,4,1,1919
54,3,1,1939
1366,4,1,1919
1366,4,1,1919
1366,4,1,1919
54,3,1,1940
1366,4,1,1919
1366,4,1,1919
54,3,1,1941
1366,4,1,1919
1366,4,1,1919
54,3,1,1942
1366,4,1,1919
1366,4,1,1919
54,3,1,1943
1366,4,1,1919
54,3,1,1944
1366,4,1,1919
1366,4,1,1919
54,3,1,1945
1366,4,1,1919
1366,4,1,1919
54,3,1,1946
1366,4,1,1919
1366,4,1,1919
54,3,1,1947
1366,4,1,1919
1366,4,1,1919
1366,4,1,1919
88,4,4,2380
1366,4,1,1919
54,3,1,1948
1366,4,1,1919
1366,4,1,1919
1366,4,1,1919
1366,4,1,1919
54,3,1,1949
1366,4,1,1919
1366,4,1,1919
1366,4,1,1919
1366,4,1,1919
1366,4,1,1919
54,3,1,1950
1366,4,1,1919
54,3,1,1951
1366,4,1,1919
1366,4,1,1919
1366,4,1,1919
54,3,1,1952
1366,4,1,1919
54,3,1,1953
1366,4,1,1919
1366,4,1,1919
54,3,1,1954
1366,4,1,1919
1366,4,1,1919
54,3,1,1955
1366,4,1,1919
1366,4,1,1919
1366,4,1,1919
54,3,1,1956
1366,4,1,1919
1366,4,1,1919
54,3,1,1957
1366,4,1,1919
1366,4,1,1919
54,3,1,1958
1366,4,1,1919
1366,4,1,1919
54,3,1,1959
1366,4,1,1919
54,3,1,1960
1366,4,1,1919
1366,4,1,1919
54,3,1,1961
1366,4,1,1919
1366,4,1,1919
54,3,1,1962
1366,4,1,1919
1366,4,1,1919
54,3,1,1963
1366,4,1,1919
1366,4,1,1919
54,3,1,1964
1366,4,1,1919
1366,4,1,1919
1366,4,1,1919
54,3,1,1965
1366,4,1,1919
54,3,1,1966
1366,4,1,1919
1366,4,1,1919
54,3,1,1967
1366,4,1,1919
1366,4,1,1919
54,3,1,1968
1366,4,1,1919
1366,4,1,1919
54,3,1,1969
1366,4,1,1919
1366,4,1,1919
54,3,1,1970
1366,4,1,1919
1366,4,1,1919
54,3,1,1971
1366,4,1,1919
1366,4,1,1919
54,3,1,1972
1366,4,1,1919
1366,4,1,1919
54,3,1,1973
1366,4,1,1919
1366,4,1,1919
54,3,1,1974
1366,4,1,1919
1366,4,1,1919
1366,4,1,1919
54,3,1,1975
1366,4,1,1919
1366,4,1,1919
54,3,1,1976
1366,4,1,1919
1366,4,1,1919
54,3,1,1977
1366,4,1,1919
1366,4,1,1919
54,3,1,1978
1366,4,1,1919
1366,4,1,1919
54,3,1,1979
1366,4,1,1919
54,3,1,1980
1366,4,1,1919
1366,4,1,1919
54,3,1,1981
1366,4,1,1919
1366,4,1,1919
54,3,1,1982
1366,4,1,1919
1366,4,1,1919
54,3,1,1983
1366,4,1,1919
74,3,4,2557
1366,4,1,1919
54,3,1,1984
1366,4,1,1919
1366,4,1,1919
54,3,1,1985
1366,4,1,1919
1366,4,1,1919
54,3,1,1986
1366,4,1,1919
1366,4,1,1919
54,3,1,1987
1366,4,1,1919
1366,4,1,1919
54,3,1,1988
1366,4,1,1919
1366,4,1,1919
54,3,1,1989
1366,4,1,1919
1366,4,1,1919
1366,4,1,1919
54,3,1,1990
1366,4,1,1919
54,3,1,1991
1366,4,1,1919
1366,4,1,1919
1366,4,1,1919
1366,4,1,1919
1366,4,1,1919
54,3,1,1992
1366,4,1,1919
1366,4,1,1919
1366,4,1,1919
1366,4,1,1919
1366,4,1,1919
1366,4,1,1919
1366,4,1,1919
1366,4,1,1919
1366,4,1,1919
1366,4,1,1919
1366,4,1,1919
1366,4,1,1919
1366,4,1,1919
54,3,1,1993
1366,4,1,1919
367,4,4,2595
157,4,4,2640
105,4,4,2588
113,4,4,2596
74,3,4,2448
113,4,4,2487
1366,4,1,1919
54,3,1,1994
1366,4,1,1919
1366,4,1,1919
54,3,1,1995
1366,4,1,1919
1366,4,1,1919
54,3,1,1996
1366,4,1,1919
1366,4,1,1919
54,3,1,1997
1366,4,1,1919
1366,4,1,1919
1366,4,1,1919
1366,4,1,1919
54,3,1,1998
1366,4,1,1919
1366,4,1,1919
1366,4,1,1919
1366,4,1,1919
1366,4,1,1919
1366,4,1,1919
1366,4,1,1919
1366,4,1,1919
1366,4,1,1919
1366,4,1,1919
1366,4,1,1919
1366,4,1,1919
54,3,1,1999
1366,4,1,1919
1366,4,1,1919
1366,4,1,1919
54,3,1,2000
1366,4,1,1919
1366,4,1,1919
1366,4,1,1919
1366,4,1,1919
1366,4,1,1919
1366,4,1,1919
1366,4,1,1919
1366,4,1,1919
1366,4,1,1919
1366,4,1,1919
1366,4,1,1919
1366,4,1,1919
1366,4,1,1919
54,3,1,2001
54,3,1,2300
1366,4,1,1919
493,4,1,2066
1366,4,1,1919
1366,4,1,1919
1366,4,1,1919
1366,4,1,1919
1366,4,1,1919
54,3,1,2301
54,3,1,2002
1366,4,1,1919
1366,4,1,1919
54,3,1,2003
1366,4,1,1919
1366,4,1,1919
54,3,1,2004
1366,4,1,1919
54,3,1,2005
1366,4,1,1919
1366,4,1,1919
1366,4,1,1919
54,3,1,2006
1366,4,1,1919
1366,4,1,1919
54,3,1,2007
1366,4,1,1919
1366,4,1,1919
54,3,1,2008
1366,4,1,1919
1366,4,1,1919
54,3,1,2009
1366,4,1,1919
54,3,1,2010
1366,4,1,1919
1366,4,1,1919
1366,4,1,1919
54,3,1,2011
1366,4,1,1919
1366,4,1,1919
54,3,1,2012
1366,4,1,1919
1366,4,1,1919
54,3,1,2013
1366,4,1,1919
1366,4,1,1919
54,3,1,2014
1366,4,1,1919
1366,4,1,1919
54,3,1,2015
1366,4,1,1919
1366,4,1,1919
54,3,1,2016
1366,4,1,1919
1366,4,1,1919
54,3,1,2017
1366,4,1,1919
1366,4,1,1919
54,3,1,2018
1366,4,1,1919
1366,4,1,1919
54,3,1,2019
1366,4,1,1919
1366,4,1,1919
54,3,1,2020
1366,4,1,1919
54,3,1,2021
1366,4,1,1919
1366,4,1,1919
54,3,1,2022
1366,4,1,1919
1366,4,1,1919
54,3,1,2023
1366,4,1,1919
1366,4,1,1919
1366,4,1,1919
54,3,1,2024
1366,4,1,1919
1366,4,1,1919
54,3,1,2025
1366,4,1,1919
1366,4,1,1919
54,3,1,2026
1366,4,1,1919
54,3,1,2027
1366,4,1,1919
1366,4,1,1919
54,3,1,2028
1366,4,1,1919
1366,4,1,1919
54,3,1,2029
1366,4,1,1919
1366,4,1,1919
54,3,1,2030
1366,4,1,1919
1366,4,1,1919
54,3,1,2031
1366,4,1,1919
1366,4,1,1919
54,3,1,2032
1366,4,1,1919
1366,4,1,1919
1366,4,1,1919
54,3,1,2033
1366,4,1,1919
1366,4,1,1919
54,3,1,2034
1366,4,1,1919
1366,4,1,1919
54,3,1,2035
1366,4,1,1919
1366,4,1,1919
54,3,1,2036
1366,4,1,1919
1366,4,1,1919
54,3,1,2037
1366,4,1,1919
1366,4,1,1919
54,3,1,2038
1366,4,1,1919
1366,4,1,1919
54,3,1,2039
1366,4,1,1919
1366,4,1,1919
54,3,1,2040
1366,4,1,1919
1366,4,1,1919
54,3,1,2041
1366,4,1,1919
1366,4,1,1919
54,3,1,2042
1366,4,1,1919
1366,4,1,1919
54,3,1,2043
1366,4,1,1919
1366,4,1,1919
54,3,1,2044
1366,4,1,1919
1366,4,1,1919
54,3,1,2045
1366,4,1,1919
54,3,1,2046
1366,4,1,1919
1366,4,1,1919
54,3,1,2047
1366,4,1,1919
1366,4,1,1919
54,3,1,2048
1366,4,1,1919
1366,4,1,1919
54,3,1,2049
1366,4,1,1919
1366,4,1,1919
1366,4,1,1919
54,3,1,2050
1366,4,1,1919
1366,4,1,1919
1366,4,1,1919
54,3,1,2051
1366,4,1,1919
1366,4,1,1919
54,3,1,2052
1366,4,1,1919
1366,4,1,1919
1366,4,1,1919
54,3,1,2053
1366,4,1,1919
54,3,1,2054
1366,4,1,1919
1366,4,1,1919
1366,4,1,1919
54,3,1,2055
1366,4,1,1919
1366,4,1,1919
54,3,1,2056
1366,4,1,1919
54,3,1,2057
1366,4,1,1919
1366,4,1,1919
1366,4,1,1919
54,3,1,2058
1366,4,1,1919
1366,4,1,1919
54,3,1,2059
1366,4,1,1919
1366,4,1,1919
54,3,1,2060
1366,4,1,1919
1366,4,1,1919
54,3,1,2061
1366,4,1,1919
1366,4,1,1919
54,3,1,2062
1366,4,1,1919
1366,4,1,1919
54,3,1,2063
1366,4,1,1919
1366,4,1,1919
54,3,1,2064
1366,4,1,1919
54,3,1,2065
1366,4,1,1919
1366,4,1,1919
54,3,1,2066
1366,4,1,1919
1366,4,1,1919
54,3,1,2067
1366,4,1,1919
1366,4,1,1919
1366,4,1,1919
54,3,1,2068
1366,4,1,1919
1366,4,1,1919
54,3,1,2069
1366,4,1,1919
1366,4,1,1919
54,3,1,2070
1366,4,1,1919
1366,4,1,1919
54,3,1,2071
1366,4,1,1919
1366,4,1,1919
54,3,1,2072
1366,4,1,1919
54,3,1,2073
1366,4,1,1919
1366,4,1,1919
54,3,1,2074
1366,4,1,1919
1366,4,1,1919
1366,4,1,1919
54,3,1,2075
1366,4,1,1919
54,3,1,2076
1366,4,1,1919
1366,4,1,1919
54,3,1,2077
1366,4,1,1919
54,3,1,2078
1366,4,1,1919
1366,4,1,1919
1366,4,1,1919
54,3,1,2079
1366,4,1,1919
1366,4,1,1919
54,3,1,2080
1366,4,1,1919
1366,4,1,1919
74,3,4,2557
1366,4,1,1919
1366,4,1,1919
1366,4,1,1919
1366,4,1,1919
54,3,1,2081
1366,4,1,1919
1366,4,1,1919
54,3,1,2082
1366,4,1,1919
1366,4,1,1919
1366,4,1,1919
54,3,1,2083
1366,4,1,1919
1366,4,1,1919
1366,4,1,1919
54,3,1,2084
1366,4,1,1919
1366,4,1,1919
54,3,1,2085
1366,4,1,1919
1366,4,1,1919
54,3,1,2086
1366,4,1,1919
54,3,1,2087
1366,4,1,1919
1366,4,1,1919
1366,4,1,1919
54,3,1,2088
1366,4,1,1919
1366,4,1,1919
54,3,1,2089
1366,4,1,1919
1366,4,1,1919
54,3,1,2090
1366,4,1,1919
1366,4,1,1919
54,3,1,2091
1366,4,1,1919
1366,4,1,1919
54,3,1,2092
1366,4,1,1919
1366,4,1,1919
54,3,1,2093
1366,4,1,1919
1366,4,1,1919
54,3,1,2094
1366,4,1,1919
1366,4,1,1919
54,3,1,2095
1366,4,1,1919
1366,4,1,1919
54,3,1,2096
1366,4,1,1919
1366,4,1,1919
54,3,1,2097
1366,4,1,1919
1366,4,1,1919
54,3,1,2098
1366,4,1,1919
54,3,1,2099
1366,4,1,1919
1366,4,1,1919
54,3,1,2100
1366,4,1,1919
1366,4,1,1919
1366,4,1,1919
54,3,1,2101
1366,4,1,1919
1366,4,1,1919
54,3,1,2102
1366,4,1,1919
1366,4,1,1919
54,3,1,2103
1366,4,1,1919
54,3,1,2104
1366,4,1,1919
1366,4,1,1919
1366,4,1,1919
54,3,1,2105
1366,4,1,1919
54,3,1,2106
1366,4,1,1919
1366,4,1,1919
54,3,1,2107
1366,4,1,1919
1366,4,1,1919
54,3,1,2108
1366,4,1,1919
1366,4,1,1919
54,3,1,2109
1366,4,1,1919
1366,4,1,1919
54,3,1,2110
1366,4,1,1919
1366,4,1,1919
1366,4,1,1919
229,4,1,2057
54,3,1,2111
1366,4,1,1919
1366,4,1,1919
54,3,1,2302
1366,4,1,1919
1366,4,1,1919
54,3,1,2303
1366,4,1,1919
1366,4,1,1919
1366,4,1,1919
54,3,1,2304
1366,4,1,1919
1366,4,1,1919
54,3,1,2305
1366,4,1,1919
1366,4,1,1919
54,3,1,2306
1366,4,1,1919
1366,4,1,1919
54,3,1,2307
1366,4,1,1919
1366,4,1,1919
54,3,1,2308
1366,4,1,1919
1366,4,1,1919
1366,4,1,1919
1366,4,1,1919
1366,4,1,1919
1366,4,1,1919
1021,4,1,2084
66,3,1,1894
1366,4,1,1919
1366,4,1,1919
1366,4,1,1919
1366,4,1,1919
1366,4,1,1919
54,3,1,2309
54,3,1,2085
1386,4,1,2143
468,4,1,2246
1366,4,1,1919
1366,4,1,1919
54,3,1,2310
1366,4,1,1919
1366,4,1,1919
850,4,1,1913
98,4,4,2624
74,3,4,2600
54,3,1,2311
74,3,4,2490
74,3,4,2490
98,4,4,2712
74,3,4,2688
74,3,4,2594
74,3,4,2594
98,4,4,2638
74,3,4,2614
98,4,4,2863
74,3,4,2380
74,3,4,2308
74,3,4,2380
74,3,4,2839
74,3,4,2308
74,3,4,2308
279,4,4,2721
279,4,4,2721
279,4,4,2721
279,4,4,2721
74,3,4,2614
618,4,4,2400
74,3,4,2380
86,4,4,2378
616,4,4,2398
86,4,4,2378
74,3,4,2614
74,3,4,2839
98,4,4,2813
74,3,4,2789
579,4,4,2361
86,4,4,2378
74,3,4,2502
74,3,4,2502
66,3,1,2119
108,4,4,2550
74,3,4,2490
89,4,4,2381
74,3,4,2727
54,3,1,1882
1366,4,1,1919
1366,4,1,1919
926,4,1,1989
54,3,1,2088
118,4,1,2153
1143,4,1,2159
611,4,4,2393
96,4,4,2538
89,4,4,2381
74,3,4,2594
278,4,4,2720
279,4,4,2721
279,4,4,2721
66,3,1,2120
74,3,4,2600
74,3,4,2688
621,4,4,2403
86,4,4,2378
600,4,4,2382
86,4,4,2378
105,4,4,2547
579,4,4,2361
86,4,4,2378
66,3,1,2132
102,4,4,2544
66,3,1,2121
66,3,1,1894
54,3,1,2121
1386,4,1,2179
510,4,1,2324
88,4,4,2380
88,4,4,2380
66,3,1,1894
54,3,1,2110
1386,4,1,2168
516,4,1,2319
74,3,4,2502
54,3,1,1882
1366,4,1,1919
1366,4,1,1919
920,4,1,1983
54,3,1,2124
118,4,1,2189
146,4,1,2218
744,4,1,2307
1386,4,1,2185
559,4,1,2124
133,4,1,1961
133,4,1,1961
615,4,1,1933
54,3,1,2091
243,4,1,2281
74,3,4,2789
54,3,1,1882
133,4,1,1961
133,4,1,1961
144,4,1,1972
54,3,1,2130
85,4,1,2162
66,3,1,1894
54,3,1,2113
1386,4,1,2171
452,4,1,2258
54,3,1,1882
66,3,1,1894
54,3,1,2116
1386,4,1,2174
484,4,1,2293
1024,4,1,2087
54,3,1,1882
1366,4,1,1919
1366,4,1,1919
1366,4,1,1919
180,4,1,2008
54,3,1,2119
118,4,1,2184
146,4,1,2213
54,3,1,2122
743,4,1,2302
132,4,1,2202
917,4,1,2223
1386,4,1,2183
1386,4,1,2184
1211,4,1,2265
54,3,1,2132
127,4,1,1955
54,3,1,1882
1366,4,1,1919
54,3,1,2129
1366,4,1,1919
1366,4,1,1919
180,4,1,2008
54,3,1,2093
101,4,4,2625
54,3,1,1882
1366,4,1,1919
1366,4,1,1919
1366,4,1,1919
54,3,1,2130
180,4,1,2008
54,3,1,2131
118,4,1,2196
74,3,4,2483
54,3,1,1882
54,3,1,1882
133,4,1,1961
133,4,1,1961
144,4,1,1972
54,3,1,2133
85,4,1,2165
533,4,1,1851
54,3,1,1882
102,4,1,1930
54,3,1,2135
532,4,1,1850
54,3,1,2136
133,4,1,1961
133,4,1,1961
54,3,1,2137
54,3,1,1882
86,4,4,2248
86,4,4,2248
54,3,1,1882
75,4,4,2543
86,3,4,2613
78,4,1,1906
54,3,1,1882
54,3,1,1882
54,3,1,2312
108,4,1,1936
54,3,1,2132
108,4,1,1936
66,3,1,2145
105,4,4,2446
74,3,4,2603
113,4,4,2699
74,3,4,2636
74,3,4,2660
74,3,4,2660
74,3,4,2636
54,3,1,2370
